"reference_id","product_name","sales_agents","country","source","campaign_name","revenue_total","revenue_rebill","number_of_rebills","discount_amount","returned_amount","order_date_kyiv","order_date_utc","order_date_ny","return_date_kyiv","return_date_utc","return_date_ny","days_diff"
GYB220101-1800-27157, Support 3-month Plan,Nick,US,Chat,AQ_9,268.95,119.7,6,49.75,0.0,2022-01-01 22:34:21.000,2022-01-01 20:34:21.000,2022-01-01 15:34:21.000,,,,
GYB220101-1800-81123, Support One Time PC Support ,Esmee,AU,Call,AQ_7,119.19,0.0,0,29.8,0.0,2022-01-01 05:22:06.000,2022-01-01 03:22:06.000,2021-12-31 22:22:06.000,,,,
GYB220102-5490-23160, Support 36-month Plan,Jackie,US,Call,AQ_9,50.0,0.0,0,0.0,634.0,2022-01-02 21:53:04.000,2022-01-02 19:53:04.000,2022-01-02 14:53:04.000,2022-01-04 12:38:07.000,2022-01-04 10:38:07.000,2022-01-04 05:38:07.000,2
GYB220102-5490-53112, Support Single Device Monthly Subscription,Clary,US,Chat,AQ_9,99.0,0.0,0,0.0,0.0,2022-01-02 18:26:19.000,2022-01-02 16:26:19.000,2022-01-02 11:26:19.000,,,,
GYB220103-4319-34119, Support 24-month Plan,Jackie,US,Call,BF.Upgrade,489.6,0.0,0,86.4,0.0,2022-01-03 21:31:49.000,2022-01-03 19:31:49.000,2022-01-03 14:31:49.000,,,,
GYB220103-6977-97158, Support One Time PC Support ,Jackie,CA,Call,AQ_1,119.74,0.0,0,29.94,0.0,2022-01-04 00:17:03.000,2022-01-03 22:17:03.000,2022-01-03 17:17:03.000,,,,
GYB220104-2435-90148, Support 24-month Plan,Esmee,US,Call,ByteFence.CTA,576.0,0.0,0,0.0,0.0,2022-01-05 01:33:12.000,2022-01-04 23:33:12.000,2022-01-04 18:33:12.000,,,,
GYB220104-2435-91122, Support One Time PC Support ,Vicky,CA,Call,AQ_3,148.86,0.0,0,0.0,0.0,2022-01-04 23:05:43.000,2022-01-04 21:05:43.000,2022-01-04 16:05:43.000,,,,
GYB220104-4319-32105, Support One Time PC Support ,Megan,US,Chat,AQ_9,149.0,0.0,0,0.0,0.0,2022-01-04 21:53:12.000,2022-01-04 19:53:12.000,2022-01-04 14:53:12.000,,,,
GYB220104-5490-77123, Support 36-month Plan,Megan,US,Chat,AQ_9,684.0,0.0,0,0.0,0.0,2022-01-04 18:25:08.000,2022-01-04 16:25:08.000,2022-01-04 11:25:08.000,,,,
GYB220104-8715-72118, Support 12-month Plan,Vicky,US,Call,AQ_9,345.6,0.0,0,86.4,0.0,2022-01-04 19:32:48.000,2022-01-04 17:32:48.000,2022-01-04 12:32:48.000,,,,
GYB220105-4319-74113, Support One Time PC Support ,Esmee,CA,Call,AQ_1,97.11,0.0,0,52.29,0.0,2022-01-06 01:08:02.000,2022-01-05 23:08:02.000,2022-01-05 18:08:02.000,,,,
GYB220105-5490-83111, Support One Time PC Support ,Jackie,US,Call,AQ_9,126.65,0.0,0,22.35,0.0,2022-01-05 07:07:28.000,2022-01-05 05:07:28.000,2022-01-05 00:07:28.000,,,,
GYB220106-1800-64131, Support Single Device Monthly Subscription,Esmee,US,Call,AQ_25,99.0,0.0,0,0.0,0.0,2022-01-06 20:31:33.000,2022-01-06 18:31:33.000,2022-01-06 13:31:33.000,,,,
GYB220106-2435-53108, Support One Time PC Support ,,US,N/A,N/A,96.85,0.0,0,52.15,0.0,2022-01-06 03:43:43.000,2022-01-06 01:43:43.000,2022-01-05 20:43:43.000,,,,
GYB220106-2435-63145, Support 12-month Plan,Esmee,US,Call,AQ_9,0.0,0.0,0,0.0,432.0,2022-01-06 18:43:47.000,2022-01-06 16:43:47.000,2022-01-06 11:43:47.000,2022-01-13 03:20:04.000,2022-01-13 01:20:04.000,2022-01-12 20:20:04.000,7
GYB220106-5490-48130, Support Single Device Monthly Subscription,Esmee,US,Call,AQ_9,79.2,0.0,0,19.8,0.0,2022-01-06 17:51:20.000,2022-01-06 15:51:20.000,2022-01-06 10:51:20.000,,,,
GYB220106-8715-51112, Support One Time PC Support ,Jacob,CA,Call,AQ_1,149.45,0.0,0,0.0,0.0,2022-01-06 21:18:49.000,2022-01-06 19:18:49.000,2022-01-06 14:18:49.000,,,,
GYB220107-1511-41116, Support 36-month Plan,Jayce,CA,Call,AQ_9,683.68,0.0,0,0.0,0.0,2022-01-07 20:35:54.000,2022-01-07 18:35:54.000,2022-01-07 13:35:54.000,,,,
GYB220107-6604-87123, Support 6-month Plan,Rodger,US,Call,AQ.Upgrade,174.3,0.0,0,74.7,0.0,2022-01-07 20:07:10.000,2022-01-07 18:07:10.000,2022-01-07 13:07:10.000,,,,
GYB220107-6911-85132, Support 12-month Plan,Biby,US,Chat,AQ_9,631.5,199.49999999999997,10,0.0,0.0,2022-01-07 03:36:05.000,2022-01-07 01:36:05.000,2022-01-06 20:36:05.000,,,,
GYB220108-4354-86171, Support 12-month Plan,Rodger,CA,Call,AQ_1,538.52,192.95000000000002,10,86.39,0.0,2022-01-09 00:39:03.000,2022-01-08 22:39:03.000,2022-01-08 17:39:03.000,,,,
GYB220108-5542-65141, Support 12-month Plan,Rodger,CA,Call,AQ_1,21.30000000000001,0.0,0,129.59,281.07,2022-01-08 17:50:16.000,2022-01-08 15:50:16.000,2022-01-08 10:50:16.000,2022-01-29 11:51:45.000,2022-01-29 09:51:45.000,2022-01-29 04:51:45.000,21
GYB220108-6911-16230, Support Single Device Monthly Subscription,Rodger,US,Call,AQ_9,138.9,39.9,2,0.0,0.0,2022-01-09 02:47:06.000,2022-01-09 00:47:06.000,2022-01-08 19:47:06.000,,,,
GYB220108-6911-25129, Support One Time PC Support ,Clary,GB,Chat,AQ_9,149.41,0.0,0,0.0,0.0,2022-01-08 19:02:21.000,2022-01-08 17:02:21.000,2022-01-08 12:02:21.000,,,,
GYB220108-6911-44171, Support Single Device Monthly Subscription,Jackie,US,Call,AQ_25,49.5,0.0,0,49.5,0.0,2022-01-08 19:42:51.000,2022-01-08 17:42:51.000,2022-01-08 12:42:51.000,,,,
GYB220109-1511-50132, Support 3-month Plan,Jayce,US,Call,AQ_9,199.0,0.0,0,0.0,0.0,2022-01-09 04:56:14.000,2022-01-09 02:56:14.000,2022-01-08 21:56:14.000,,,,
GYB220109-4354-44148, Support 3-month Plan,Megan,US,Chat,AQ_9,179.14999999999998,19.95,1,39.8,0.0,2022-01-09 13:11:29.000,2022-01-09 11:11:29.000,2022-01-09 06:11:29.000,,,,
GYB220109-4354-47123, Support 3-month Plan,Nick,US,Call,AQ_25,578.05,379.0499999999999,19,0.0,0.0,2022-01-09 03:13:47.000,2022-01-09 01:13:47.000,2022-01-08 20:13:47.000,,,,
GYB220109-6604-74116, Support 36-month Plan,Rodger,US,Call,AQ_25,478.8,0.0,0,205.2,0.0,2022-01-10 01:45:23.000,2022-01-09 23:45:23.000,2022-01-09 18:45:23.000,,,,
GYB220110-4354-47133, Support 24-month Plan,Esmee,US,Call,AQ_25,576.0,0.0,0,0.0,0.0,2022-01-10 19:31:39.000,2022-01-10 17:31:39.000,2022-01-10 12:31:39.000,,,,
GYB220110-4354-90170, Support 36-month Plan,Esmee,CA,Call,AQ_1,684.1,0.0,0,0.0,0.0,2022-01-10 21:08:05.000,2022-01-10 19:08:05.000,2022-01-10 14:08:05.000,,,,
GYB220110-6604-28126, Support 12-month Plan,Vicky,US,Call,AQ_25,432.0,0.0,0,0.0,0.0,2022-01-11 01:29:13.000,2022-01-10 23:29:13.000,2022-01-10 18:29:13.000,,,,
GYB220110-6911-44113, Support 36-month Plan,Rodger,US,Call,AQ_9,478.8,0.0,0,205.2,0.0,2022-01-10 06:42:01.000,2022-01-10 04:42:01.000,2022-01-09 23:42:01.000,,,,
GYB220110-8954-29129, Support 3-month Plan,Rinna,US,Chat,AQ_9,199.0,0.0,0,0.0,0.0,2022-01-11 01:34:15.000,2022-01-10 23:34:15.000,2022-01-10 18:34:15.000,,,,
GYB220111-1511-18147, Support One Time PC Support ,Biby,US,Chat,AQ_9,149.0,0.0,0,0.0,0.0,2022-01-11 21:24:28.000,2022-01-11 19:24:28.000,2022-01-11 14:24:28.000,,,,
GYB220111-1511-84107, Support 12-month Plan,Jayce,US,Call,AQ_9,50.0,0.0,0,0.0,382.0,2022-01-11 03:22:55.000,2022-01-11 01:22:55.000,2022-01-10 20:22:55.000,2022-02-12 17:17:56.000,2022-02-12 15:17:56.000,2022-02-12 10:17:56.000,32
GYB220111-4354-59122, Support 12-month Plan,Olivia,AU,Chat,AQ_9,431.6,0.0,0,0.0,0.0,2022-01-11 12:28:34.000,2022-01-11 10:28:34.000,2022-01-11 05:28:34.000,,,,
GYB220111-5542-38113, Support One Time PC Support ,Jacob,US,Call,AQ_25,111.75,0.0,0,37.25,0.0,2022-01-11 20:11:51.000,2022-01-11 18:11:51.000,2022-01-11 13:11:51.000,,,,
GYB220111-6911-88135, Support Single Device Monthly Subscription,Esmee,US,Call,AQ_9,49.5,0.0,0,49.5,0.0,2022-01-12 02:25:44.000,2022-01-12 00:25:44.000,2022-01-11 19:25:44.000,,,,
GYB220112-6604-58114, Support 12-month Plan,Vicky,AU,Call,AQ_7,367.27,0.0,0,64.81,0.0,2022-01-12 07:49:46.000,2022-01-12 05:49:46.000,2022-01-12 00:49:46.000,,,,
GYB220112-8954-29108, Support One Time PC Support ,Vicky,US,Call,AQ_25,119.2,0.0,0,29.8,0.0,2022-01-12 04:39:31.000,2022-01-12 02:39:31.000,2022-01-11 21:39:31.000,,,,
GYB220113-1511-25165, Support One Time PC Support ,Jacob,US,Call,AQ_9,111.75,0.0,0,37.25,0.0,2022-01-13 19:44:05.000,2022-01-13 17:44:05.000,2022-01-13 12:44:05.000,,,,
GYB220113-1511-88122, Support 24-month Plan,Rodger,US,Call,AQ_9,576.0,0.0,0,0.0,0.0,2022-01-13 18:07:25.000,2022-01-13 16:07:25.000,2022-01-13 11:07:25.000,,,,
GYB220113-5542-30106, Support Single Device Monthly Subscription,Nick,US,Call,AQ_9,218.85000000000002,139.65,7,19.8,0.0,2022-01-14 02:26:38.000,2022-01-14 00:26:38.000,2022-01-13 19:26:38.000,,,,
GYB220113-6911-97136, Support 36-month Plan,Rodger,US,Chat,AQ.Upgrade,478.8,0.0,0,205.2,0.0,2022-01-13 19:53:34.000,2022-01-13 17:53:34.000,2022-01-13 12:53:34.000,,,,
GYB220113-8954-28128, Support 12-month Plan,Isaac,AU,Call,AQ_7,323.99,0.0,0,108.0,0.0,2022-01-14 02:21:53.000,2022-01-14 00:21:53.000,2022-01-13 19:21:53.000,,,,
GYB220114-4354-98127, Support 36-month Plan,Jackie,US,Call,AQ_9,684.0,0.0,0,0.0,0.0,2022-01-15 02:39:13.000,2022-01-15 00:39:13.000,2022-01-14 19:39:13.000,,,,
GYB220114-5542-89110, Support Single Device Monthly Subscription,Rodger,US,Call,AQ_9,517.9499999999998,418.9499999999999,21,0.0,0.0,2022-01-14 19:53:28.000,2022-01-14 17:53:28.000,2022-01-14 12:53:28.000,,,,
GYB220114-6911-61143, Support One Time PC Support ,Rodger,US,Call,AQ_9,74.5,0.0,0,74.5,0.0,2022-01-14 23:37:40.000,2022-01-14 21:37:40.000,2022-01-14 16:37:40.000,,,,
GYB220114-8954-36122, Support 36-month Plan,Rodger,US,Call,BF.Upgrade,478.8,0.0,0,205.2,0.0,2022-01-14 19:15:11.000,2022-01-14 17:15:11.000,2022-01-14 12:15:11.000,,,,
GYB220114-8954-75165, Support Single Device Monthly Subscription,Nick,US,Call,AQ_9,158.85,59.849999999999994,3,0.0,0.0,2022-01-14 21:01:58.000,2022-01-14 19:01:58.000,2022-01-14 14:01:58.000,,,,
GYB220115-1511-83127, Support 36-month Plan,Jackie,US,Call,AQ_9,149.0,0.0,0,0.0,535.0,2022-01-15 22:00:23.000,2022-01-15 20:00:23.000,2022-01-15 15:00:23.000,2022-06-15 13:52:01.000,2022-06-15 10:52:01.000,2022-06-15 06:52:01.000,151
GYB220115-4354-14130, Support One Time PC Support ,Jackie,CA,Call,AQ_9,112.15,0.0,0,37.38,0.0,2022-01-15 20:32:37.000,2022-01-15 18:32:37.000,2022-01-15 13:32:37.000,,,,
GYB220115-5542-13134, Support 36-month Plan,,US,N/A,N/A,684.0,0.0,0,0.0,0.0,2022-01-15 19:18:46.000,2022-01-15 17:18:46.000,2022-01-15 12:18:46.000,,,,
GYB220115-6604-51110, Support One Time PC Support ,Jackie,CA,Call,AQ_1,97.2,0.0,0,52.34,0.0,2022-01-15 23:46:09.000,2022-01-15 21:46:09.000,2022-01-15 16:46:09.000,,,,
GYB220116-4354-54118, Support 24-month Plan,Rodger,US,Call,BF.Upgrade,403.2,0.0,0,172.8,0.0,2022-01-16 07:00:18.000,2022-01-16 05:00:18.000,2022-01-16 00:00:18.000,,,,
GYB220116-8954-85139, Support Single Device Monthly Subscription,Rinna,US,Chat,AQ_9,358.34999999999997,259.34999999999997,13,0.0,0.0,2022-01-17 02:28:59.000,2022-01-17 00:28:59.000,2022-01-16 19:28:59.000,,,,
GYB220117-1511-42127, Support Single Device Monthly Subscription,Esmee,AU,Call,AQ_7,49.7,0.0,0,49.7,0.0,2022-01-18 02:07:46.000,2022-01-18 00:07:46.000,2022-01-17 19:07:46.000,,,,
GYB220117-2241-26129, Support One Time PC Support ,Vicky,US,Call,AQ_9,149.0,0.0,0,0.0,0.0,2022-01-18 00:06:49.000,2022-01-17 22:06:49.000,2022-01-17 17:06:49.000,,,,
GYB220117-4354-16192, Support One Time PC Support ,Esmee,US,Call,AQ_25,149.0,0.0,0,0.0,0.0,2022-01-17 23:10:20.000,2022-01-17 21:10:20.000,2022-01-17 16:10:20.000,,,,
GYB220117-4354-30158, Support One Time PC Support ,Biby,US,Chat,AQ_9,149.0,0.0,0,0.0,0.0,2022-01-17 18:36:07.000,2022-01-17 16:36:07.000,2022-01-17 11:36:07.000,,,,
GYB220117-5542-74117, Support One Time PC Support ,,US,N/A,N/A,104.3,0.0,0,44.7,0.0,2022-01-18 01:33:41.000,2022-01-17 23:33:41.000,2022-01-17 18:33:41.000,,,,
GYB220118-2241-69161, Support 12-month Plan,Olivia,US,Chat,AQ_9,432.0,0.0,0,0.0,0.0,2022-01-18 21:56:00.000,2022-01-18 19:56:00.000,2022-01-18 14:56:00.000,,,,
GYB220118-5542-13132, Support One Time PC Support ,Olivia,US,Chat,AQ_9,96.85,0.0,0,52.15,0.0,2022-01-18 17:19:19.000,2022-01-18 15:19:19.000,2022-01-18 10:19:19.000,,,,
GYB220118-5922-10128, Support 12-month Plan,Megan,AU,Chat,AQ_9,432.46,0.0,0,0.0,0.0,2022-01-18 04:54:05.000,2022-01-18 02:54:05.000,2022-01-17 21:54:05.000,,,,
GYB220119-1100-86144, Support 12-month plan,,UA,N/A,N/A,336.0,0.0,0,0.0,0.0,2022-01-19 12:36:59.000,2022-01-19 10:36:59.000,2022-01-19 05:36:59.000,,,,
GYB220119-1511-12112, Support 12-month Plan,Biby,NZ,Chat,AQ_9,432.12,0.0,0,0.0,0.0,2022-01-19 03:27:37.000,2022-01-19 01:27:37.000,2022-01-18 20:27:37.000,,,,
GYB220119-5542-34147, Support Single Device Monthly Subscription,Jackie,US,Call,AQ.Upgrade,0.0,0.0,0,0.0,99.0,2022-01-19 20:44:52.000,2022-01-19 18:44:52.000,2022-01-19 13:44:52.000,2022-01-19 14:01:23.000,2022-01-19 12:01:23.000,2022-01-19 07:01:23.000,0
GYB220119-5542-36129, Support Single Device Monthly Subscription,Clary,US,Chat,AQ_9,198.75,99.75,5,0.0,0.0,2022-01-19 12:55:25.000,2022-01-19 10:55:25.000,2022-01-19 05:55:25.000,,,,
GYB220120-2241-43133, Support Multiple Device Monthly Subscription,Rodger,US,Call,AQ_9,186.67000000000002,137.17000000000002,11,49.5,0.0,2022-01-21 02:35:35.000,2022-01-21 00:35:35.000,2022-01-20 19:35:35.000,,,,
GYB220120-5593-26130, Support 24-month Plan,Jacob,US,Call,AQ_9,460.8,0.0,0,115.2,0.0,2022-01-20 04:00:30.000,2022-01-20 02:00:30.000,2022-01-19 21:00:30.000,,,,
GYB220120-5593-50153, Support Multiple Device Monthly Subscription,Clary,US,Chat,AQ_9,99.0,0.0,0,0.0,0.0,2022-01-20 21:33:22.000,2022-01-20 19:33:22.000,2022-01-20 14:33:22.000,,,,
GYB220120-6604-72109, Support 12-month Plan,Esmee,CA,Call,AQ_1,431.7,0.0,0,0.0,0.0,2022-01-21 01:25:14.000,2022-01-20 23:25:14.000,2022-01-20 18:25:14.000,,,,
GYB220121-2436-93132, Support One Time PC Support ,Rodger,US,Call,AQ_25,149.0,0.0,0,0.0,0.0,2022-01-21 23:22:30.000,2022-01-21 21:22:30.000,2022-01-21 16:22:30.000,,,,
GYB220121-5040-92123, Support 12-month Plan,Nick,AU,Call,AQ_9,431.85,0.0,0,0.0,0.0,2022-01-21 05:43:55.000,2022-01-21 03:43:55.000,2022-01-20 22:43:55.000,,,,
GYB220121-6407-70121, Support One Time PC Support ,Vicky,US,Call,AQ_25,149.0,0.0,0,0.0,0.0,2022-01-21 17:57:38.000,2022-01-21 15:57:38.000,2022-01-21 10:57:38.000,,,,
GYB220121-8904-88103, Support One Time PC Support ,Megan,US,Chat,AQ_9,104.3,0.0,0,44.7,0.0,2022-01-21 14:13:44.000,2022-01-21 12:13:44.000,2022-01-21 07:13:44.000,,,,
GYB220122-2436-24119, Support 36-month Plan,Nick,US,Call,AQ_9,684.0,0.0,0,0.0,0.0,2022-01-22 20:44:26.000,2022-01-22 18:44:26.000,2022-01-22 13:44:26.000,,,,
GYB220122-2436-64171, Support 3-month Plan,,US,N/A,N/A,199.0,0.0,0,0.0,0.0,2022-01-22 22:36:28.000,2022-01-22 20:36:28.000,2022-01-22 15:36:28.000,,,,
GYB220122-2436-97159, Support 12-month Plan,Megan,BM,Chat,AQ_9,432.0,0.0,0,0.0,0.0,2022-01-22 21:18:02.000,2022-01-22 19:18:02.000,2022-01-22 14:18:02.000,,,,
GYB220122-8769-24151, Support 12-month Plan,Megan,US,Chat,AQ_9,0.0,0.0,0,108.0,324.0,2022-01-22 18:31:22.000,2022-01-22 16:31:22.000,2022-01-22 11:31:22.000,2022-02-22 12:27:58.000,2022-02-22 10:27:58.000,2022-02-22 05:27:58.000,31
GYB220122-8769-66181, Support 12-month Plan,Nick,CR,Call,AQ_9,324.0,0.0,0,108.0,0.0,2022-01-22 23:03:23.000,2022-01-22 21:03:23.000,2022-01-22 16:03:23.000,,,,
GYB220122-8904-42117, Support 3-month Plan,Nick,GF,Call,AQ_9,179.14,19.86,1,39.82,0.0,2022-01-22 17:38:36.000,2022-01-22 15:38:36.000,2022-01-22 10:38:36.000,,,,
GYB220122-8904-75163, Support 3-month Plan,Jackie,US,Call,AQ_9,298.75,99.75,5,0.0,0.0,2022-01-23 00:37:04.000,2022-01-22 22:37:04.000,2022-01-22 17:37:04.000,,,,
GYB220123-2255-93147, Support 24-month Plan,Biby,US,Chat,AQ_9,576.0,0.0,0,0.0,0.0,2022-01-23 23:24:14.000,2022-01-23 21:24:14.000,2022-01-23 16:24:14.000,,,,
GYB220123-2436-43128, Support 36-month Plan,Biby,US,Chat,AQ_9,684.0,0.0,0,0.0,0.0,2022-01-23 22:16:35.000,2022-01-23 20:16:35.000,2022-01-23 15:16:35.000,,,,
GYB220123-2436-86149, Support 36-month Plan,Jackie,US,Call,BF.Upgrade,581.4,0.0,0,102.6,0.0,2022-01-23 23:01:13.000,2022-01-23 21:01:13.000,2022-01-23 16:01:13.000,,,,
GYB220123-8769-26121, Support 3-month Plan,Megan,BS,Chat,AQ_9,199.0,0.0,0,0.0,0.0,2022-01-24 02:25:21.000,2022-01-24 00:25:21.000,2022-01-23 19:25:21.000,,,,
GYB220124-1295-38123, Support One Time PC Support ,Jayce,US,Call,AQ_9,149.0,0.0,0,0.0,0.0,2022-01-24 16:58:58.000,2022-01-24 14:58:58.000,2022-01-24 09:58:58.000,,,,
GYB220124-2255-50131, Support 36-month Plan,Jayce,AU,Call,AQ_7,205.46000000000004,0.0,0,0.0,478.23,2022-01-24 04:36:41.000,2022-01-24 02:36:41.000,2022-01-23 21:36:41.000,2022-03-29 20:40:34.000,2022-03-29 17:40:34.000,2022-03-29 13:40:34.000,64
GYB220124-2436-59151, Support 36-month Plan,Jacob,US,Call,AQ_1,581.4,0.0,0,102.6,0.0,2022-01-24 19:35:38.000,2022-01-24 17:35:38.000,2022-01-24 12:35:38.000,,,,
GYB220124-5040-40146, Support 24-month Plan,Jacob,US,Call,AQ_1,0.0,0.0,0,86.4,489.6,2022-01-24 22:59:08.000,2022-01-24 20:59:08.000,2022-01-24 15:59:08.000,2022-02-01 12:13:33.000,2022-02-01 10:13:33.000,2022-02-01 05:13:33.000,8
GYB220124-8769-18129, Support 12-month Plan,Jayce,US,Call,AQ_1,432.0,0.0,0,0.0,0.0,2022-01-24 20:19:25.000,2022-01-24 18:19:25.000,2022-01-24 13:19:25.000,,,,
GYB220125-2255-67157, Support One Time PC Support ,Jackie,CA,Call,AQ_1,111.91,0.0,0,37.3,0.0,2022-01-26 01:13:39.000,2022-01-25 23:13:39.000,2022-01-25 18:13:39.000,,,,
GYB220125-2255-85132, Support 24-month plan,Rodger,CA,Chat,BF.Upgrade,323.67,0.0,0,107.89,0.0,2022-01-25 20:04:29.000,2022-01-25 18:04:29.000,2022-01-25 13:04:29.000,,,,
GYB220125-2971-41139, Support 12-month Plan,Rodger,US,Call,AQ_9,451.95,19.95,1,0.0,0.0,2022-01-25 16:54:31.000,2022-01-25 14:54:31.000,2022-01-25 09:54:31.000,,,,
GYB220125-2971-44183, Support Multiple Device Monthly Subscription,Rodger,US,Call,AQ_25,99.0,0.0,0,0.0,0.0,2022-01-25 20:50:37.000,2022-01-25 18:50:37.000,2022-01-25 13:50:37.000,,,,
GYB220125-2971-78104, Support One Time PC Support ,Biby,US,Chat,AQ_9,119.2,0.0,0,29.8,0.0,2022-01-25 04:59:53.000,2022-01-25 02:59:53.000,2022-01-24 21:59:53.000,,,,
GYB220125-2971-84221, Support 3-month Plan,Jackie,US,Call,AQ_5,199.0,0.0,0,0.0,0.0,2022-01-26 01:50:01.000,2022-01-25 23:50:01.000,2022-01-25 18:50:01.000,,,,
GYB220125-5040-15140, Support 36-month Plan,"Jackie, Rodger",CA,From Support,AQ_9,2049.8999999999996,0.0,0,0.0,0.0,2022-01-26 00:44:25.000,2022-01-25 22:44:25.000,2022-01-25 17:44:25.000,,,,
GYB220125-5040-15170, Support Single Device Monthly Subscription,Nick,US,Call,AQ_9,99.0,0.0,0,0.0,0.0,2022-01-26 01:06:35.000,2022-01-25 23:06:35.000,2022-01-25 18:06:35.000,,,,
GYB220125-6407-71134, Support 12-month Plan,Esmee,US,Call,AQ_9,432.0,0.0,0,0.0,0.0,2022-01-25 04:24:21.000,2022-01-25 02:24:21.000,2022-01-24 21:24:21.000,,,,
GYB220126-2971-96115, Support 12-month Plan,Jackie,US,Call,AQ_9,367.2,0.0,0,64.8,0.0,2022-01-26 17:52:01.000,2022-01-26 15:52:01.000,2022-01-26 10:52:01.000,,,,
GYB220126-5040-74119, Support 24-month Plan,Rodger,CA,Call,AQ_1,575.91,0.0,0,0.0,0.0,2022-01-26 20:11:07.000,2022-01-26 18:11:07.000,2022-01-26 13:11:07.000,,,,
GYB220126-8904-64130, Support 36-month Plan,Clary,MT,Chat,AQ_9,683.71,0.0,0,0.0,0.0,2022-01-26 20:48:00.000,2022-01-26 18:48:00.000,2022-01-26 13:48:00.000,,,,
GYB220127-2255-56123, Support One Time PC Support ,Vicky,CA,Call,AQ_1,119.41,0.0,0,29.85,0.0,2022-01-27 23:18:36.000,2022-01-27 21:18:36.000,2022-01-27 16:18:36.000,,,,
GYB220127-2436-32115, Support Multiple Device Monthly Subscription,Esmee,US,Call,AQ_25,79.2,0.0,0,19.8,0.0,2022-01-27 23:38:23.000,2022-01-27 21:38:23.000,2022-01-27 16:38:23.000,,,,
GYB220127-2971-96120, Support 24-month Plan,Rodger,US,Call,AQ_5,576.0,0.0,0,0.0,0.0,2022-01-27 23:55:59.000,2022-01-27 21:55:59.000,2022-01-27 16:55:59.000,,,,
GYB220127-6407-35172, Support One Time PC Support ,Jayce,US,Call,AQ_9,149.0,0.0,0,0.0,0.0,2022-01-28 02:09:59.000,2022-01-28 00:09:59.000,2022-01-27 19:09:59.000,,,,
GYB220127-6407-77118, Support 24-month Plan,Ruby,PG,Chat,AQ_9,576.0,0.0,0,0.0,0.0,2022-01-27 03:06:15.000,2022-01-27 01:06:15.000,2022-01-26 20:06:15.000,,,,
GYB220127-8769-14129, Support Multiple Device Monthly Subscription,Esmee,US,Call,BF.Upgrade,114.05,24.95,1,9.9,0.0,2022-01-27 05:32:26.000,2022-01-27 03:32:26.000,2022-01-26 22:32:26.000,,,,
GYB220127-8904-71128, Support One Time PC Support ,Esmee,US,Call,AQ_1,149.0,0.0,0,0.0,0.0,2022-01-27 22:03:32.000,2022-01-27 20:03:32.000,2022-01-27 15:03:32.000,,,,
GYB220128-1532-84116, Support Single Device Monthly Subscription,Esmee,CA,Call,AQ_1,161.09,61.61,3,0.0,0.0,2022-01-28 23:02:37.000,2022-01-28 21:02:37.000,2022-01-28 16:02:37.000,,,,
GYB220128-4242-75153, Support Single Device Monthly Subscription,Esmee,US,Call,AQ_9,79.2,0.0,0,19.8,0.0,2022-01-28 19:38:14.000,2022-01-28 17:38:14.000,2022-01-28 12:38:14.000,,,,
GYB220128-4242-81115, Support 12-month Plan,Jackie,CA,Call,AQ_1,29.710000000000036,0.0,0,43.17,358.83,2022-01-28 04:29:36.000,2022-01-28 02:29:36.000,2022-01-27 21:29:36.000,2022-03-10 04:41:37.000,2022-03-10 02:41:37.000,2022-03-09 21:41:37.000,41
GYB220128-4977-22128, Support Multiple Device Monthly Subscription,Rodger,AU,Call,AQ_7,508.22000000000014,409.04000000000013,17,0.0,0.0,2022-01-28 07:03:04.000,2022-01-28 05:03:04.000,2022-01-28 00:03:04.000,,,,
GYB220128-4977-22147, Support 36-month Plan,Megan,GB,Chat,AQ_9,683.62,0.0,0,0.0,0.0,2022-01-28 17:17:44.000,2022-01-28 15:17:44.000,2022-01-28 10:17:44.000,,,,
GYB220128-5179-60121, Support Single Device Monthly Subscription,Esmee,US,Call,AQ_9,49.5,0.0,0,49.5,0.0,2022-01-28 16:55:58.000,2022-01-28 14:55:58.000,2022-01-28 09:55:58.000,,,,
GYB220128-8017-69132, Support 36-month Plan,Jackie,US,Call,AQ.Upgrade,581.4,0.0,0,102.6,0.0,2022-01-28 23:29:44.000,2022-01-28 21:29:44.000,2022-01-28 16:29:44.000,,,,
GYB220128-9233-66122, Support Single Device Monthly Subscription,Rinna,US,Chat,AQ_9,99.0,0.0,0,0.0,0.0,2022-01-29 01:47:26.000,2022-01-28 23:47:26.000,2022-01-28 18:47:26.000,,,,
GYB220129-1532-19108, Support One Time PC Support ,Biby,US,Chat,AQ_9,119.2,0.0,0,29.8,0.0,2022-01-29 23:02:37.000,2022-01-29 21:02:37.000,2022-01-29 16:02:37.000,,,,
GYB220129-3398-72196, Support Multiple Device Monthly Subscription,Vicky,US,Call,AQ_25,79.2,0.0,0,19.8,0.0,2022-01-30 00:05:08.000,2022-01-29 22:05:08.000,2022-01-29 17:05:08.000,,,,
GYB220129-3398-77128, Support One Time PC Support ,Jackie,CA,Call,AQ_1,74.42,0.0,0,74.42,0.0,2022-01-29 03:58:43.000,2022-01-29 01:58:43.000,2022-01-28 20:58:43.000,,,,
GYB220129-4242-71142, Support Single Device Monthly Subscription,Nick,US,Call,AQ_9,99.0,0.0,0,0.0,0.0,2022-01-29 20:59:41.000,2022-01-29 18:59:41.000,2022-01-29 13:59:41.000,,,,
GYB220129-5179-98137, Support 36-month Plan,Biby,US,Chat,AQ_9,684.0,0.0,0,0.0,0.0,2022-01-29 17:57:05.000,2022-01-29 15:57:05.000,2022-01-29 10:57:05.000,,,,
GYB220129-6501-56125, Support 12-month Plan,Olivia,US,Chat,AQ_9,432.0,0.0,0,0.0,0.0,2022-01-29 11:13:43.000,2022-01-29 09:13:43.000,2022-01-29 04:13:43.000,,,,
GYB220129-8017-89112, Support Single Device Monthly Subscription,Esmee,US,Call,AQ_25,99.0,0.0,0,0.0,0.0,2022-01-29 20:07:29.000,2022-01-29 18:07:29.000,2022-01-29 13:07:29.000,,,,
GYB220130-1532-55139, Support 36-month Plan,Nick,US,Call,AQ_1,684.0,0.0,0,0.0,0.0,2022-01-30 22:22:28.000,2022-01-30 20:22:28.000,2022-01-30 15:22:28.000,,,,
GYB220130-4242-21130, Support Multiple Device Monthly Subscription,Vicky,US,Call,AQ_9,64.35,0.0,0,34.65,0.0,2022-01-30 03:09:53.000,2022-01-30 01:09:53.000,2022-01-29 20:09:53.000,,,,
GYB220130-4242-61155, Support 3-month Plan,Jacob,US,Call,AQ_1,218.95,19.95,1,0.0,0.0,2022-01-30 20:33:52.000,2022-01-30 18:33:52.000,2022-01-30 13:33:52.000,,,,
GYB220130-4977-60113, Support Single Device Monthly Subscription,Megan,AU,Chat,AQ_9,49.48,0.0,0,49.48,0.0,2022-01-30 04:19:36.000,2022-01-30 02:19:36.000,2022-01-29 21:19:36.000,,,,
GYB220130-5179-82114, Support Multiple Device Monthly Subscription,Jacob,US,Call,AQ_9,24.950000000000003,24.95,1,34.65,64.35,2022-01-30 18:57:19.000,2022-01-30 16:57:19.000,2022-01-30 11:57:19.000,2022-03-28 01:03:13.000,2022-03-27 22:03:13.000,2022-03-27 18:03:13.000,57
GYB220130-5570-39129, Support 6-month plan,,UA,N/A,N/A,0.0,0.0,0,19.95,199.0,2022-01-30 16:51:40.000,2022-01-30 14:51:40.000,2022-01-30 09:51:40.000,2022-01-30 10:51:30.000,2022-01-30 08:51:30.000,2022-01-30 03:51:30.000,0
GYB220130-5570-61108, Support 12-month plan,,UA,N/A,N/A,0.0,0.0,0,0.0,336.0,2022-01-30 16:45:33.000,2022-01-30 14:45:33.000,2022-01-30 09:45:33.000,2022-01-31 04:14:22.000,2022-01-31 02:14:22.000,2022-01-30 21:14:22.000,1
GYB220130-8017-82119, Support Single Device Monthly Subscription,Jacob,US,Call,AQ_25,59.47,9.97,1,49.5,0.0,2022-01-31 01:53:31.000,2022-01-30 23:53:31.000,2022-01-30 18:53:31.000,,,,
GYB220130-9233-77128, Support 36-month Plan,Vicky,US,Call,AQ_9,684.0,0.0,0,0.0,0.0,2022-01-30 05:51:27.000,2022-01-30 03:51:27.000,2022-01-29 22:51:27.000,,,,
GYB220131-1532-96120, Support One Time PC Support ,Nick,AU,Chat,AQ_7,149.28,0.0,0,0.0,0.0,2022-01-31 03:37:34.000,2022-01-31 01:37:34.000,2022-01-30 20:37:34.000,,,,
GYB220131-3398-96108, Support 12-month Plan,Vicky,CA,Call,AQ_1,605.9300000000001,173.70000000000002,9,0.0,0.0,2022-02-01 00:54:47.000,2022-01-31 22:54:47.000,2022-01-31 17:54:47.000,,,,
GYB220131-4242-33114, Support One Time PC Support ,,US,N/A,N/A,119.2,0.0,0,29.8,0.0,2022-01-31 22:20:34.000,2022-01-31 20:20:34.000,2022-01-31 15:20:34.000,,,,
GYB220131-4977-45114, Support 24-month Plan,Rodger,US,Call,BF.Upgrade,460.8,0.0,0,115.2,0.0,2022-01-31 22:53:06.000,2022-01-31 20:53:06.000,2022-01-31 15:53:06.000,,,,
GYB220131-5570-18414, Support 12-month plan,,UA,N/A,N/A,336.0,0.0,0,0.0,0.0,2022-01-31 13:43:11.000,2022-01-31 11:43:11.000,2022-01-31 06:43:11.000,,,,
GYB220131-5570-23200, Support 12-month plan,,UA,N/A,N/A,0.0,0.0,0,0.0,336.0,2022-01-31 11:27:36.000,2022-01-31 09:27:36.000,2022-01-31 04:27:36.000,2022-01-31 04:29:47.000,2022-01-31 02:29:47.000,2022-01-30 21:29:47.000,0
GYB220131-5570-24501, Support 12-month plan,,UA,N/A,N/A,336.0,0.0,0,0.0,0.0,2022-01-31 16:18:05.000,2022-01-31 14:18:05.000,2022-01-31 09:18:05.000,,,,
GYB220131-5570-25301, Support 12-month plan,,UA,N/A,N/A,0.0,0.0,0,0.0,336.0,2022-01-31 11:40:21.000,2022-01-31 09:40:21.000,2022-01-31 04:40:21.000,2022-01-31 04:42:18.000,2022-01-31 02:42:18.000,2022-01-30 21:42:18.000,0
GYB220131-5570-27160, Support 12-month plan,,UA,N/A,N/A,0.0,0.0,0,0.0,336.0,2022-01-31 11:19:20.000,2022-01-31 09:19:20.000,2022-01-31 04:19:20.000,2022-01-31 04:23:34.000,2022-01-31 02:23:34.000,2022-01-30 21:23:34.000,0
GYB220131-5570-28333, Support 12-month plan,,UA,N/A,N/A,0.0,0.0,0,0.0,336.0,2022-01-31 12:16:40.000,2022-01-31 10:16:40.000,2022-01-31 05:16:40.000,2022-01-31 05:17:48.000,2022-01-31 03:17:48.000,2022-01-30 22:17:48.000,0
GYB220131-5570-31724, Support 12-month plan,,UA,N/A,N/A,336.0,0.0,0,0.0,0.0,2022-01-31 17:54:49.000,2022-01-31 15:54:49.000,2022-01-31 10:54:49.000,,,,
GYB220131-5570-37532, Support 12-month plan,,UA,N/A,N/A,336.0,0.0,0,0.0,0.0,2022-01-31 16:25:32.000,2022-01-31 14:25:32.000,2022-01-31 09:25:32.000,,,,
GYB220131-5570-38250, Support 12-month plan,,UA,N/A,N/A,0.0,0.0,0,0.0,336.0,2022-01-31 11:35:08.000,2022-01-31 09:35:08.000,2022-01-31 04:35:08.000,2022-01-31 04:37:01.000,2022-01-31 02:37:01.000,2022-01-30 21:37:01.000,0
GYB220131-5570-42756, Support 6-month plan,,UA,N/A,N/A,199.0,0.0,0,19.95,0.0,2022-01-31 18:50:20.000,2022-01-31 16:50:20.000,2022-01-31 11:50:20.000,,,,
GYB220131-5570-44764, Support 12-month plan,,UA,N/A,N/A,299.0,0.0,0,19.95,0.0,2022-01-31 23:39:16.000,2022-01-31 21:39:16.000,2022-01-31 16:39:16.000,,,,
GYB220131-5570-47128, Support 12-month plan,,UA,N/A,N/A,0.0,0.0,0,0.0,336.0,2022-01-31 10:29:12.000,2022-01-31 08:29:12.000,2022-01-31 03:29:12.000,2022-01-31 03:36:39.000,2022-01-31 01:36:39.000,2022-01-30 20:36:39.000,0
GYB220131-5570-49641, Support 12-month plan,,UA,N/A,N/A,336.0,0.0,0,0.0,0.0,2022-01-31 16:52:38.000,2022-01-31 14:52:38.000,2022-01-31 09:52:38.000,,,,
GYB220131-5570-52583, Support 12-month plan,,UA,N/A,N/A,336.0,0.0,0,0.0,0.0,2022-01-31 16:41:41.000,2022-01-31 14:41:41.000,2022-01-31 09:41:41.000,,,,
GYB220131-5570-59368, Support 12-month plan,,UA,N/A,N/A,336.0,0.0,0,0.0,0.0,2022-01-31 13:34:57.000,2022-01-31 11:34:57.000,2022-01-31 06:34:57.000,,,,
GYB220131-5570-69446, Support 12-month plan,,UA,N/A,N/A,336.0,0.0,0,0.0,0.0,2022-01-31 13:49:01.000,2022-01-31 11:49:01.000,2022-01-31 06:49:01.000,,,,
GYB220131-5570-73666, Support 12-month plan,,UA,N/A,N/A,336.0,0.0,0,0.0,0.0,2022-01-31 16:57:34.000,2022-01-31 14:57:34.000,2022-01-31 09:57:34.000,,,,
GYB220131-5570-77615, Support 12-month plan,,UA,N/A,N/A,336.0,0.0,0,0.0,0.0,2022-01-31 16:44:32.000,2022-01-31 14:44:32.000,2022-01-31 09:44:32.000,,,,
GYB220131-5570-86457, Support 12-month plan,,UA,N/A,N/A,336.0,0.0,0,0.0,0.0,2022-01-31 16:01:34.000,2022-01-31 14:01:34.000,2022-01-31 09:01:34.000,,,,
GYB220131-5570-87556, Support 12-month plan,,UA,N/A,N/A,336.0,0.0,0,0.0,0.0,2022-01-31 16:33:45.000,2022-01-31 14:33:45.000,2022-01-31 09:33:45.000,,,,
GYB220131-5570-94231, Support 12-month plan,,UA,N/A,N/A,0.0,0.0,0,0.0,336.0,2022-01-31 11:30:52.000,2022-01-31 09:30:52.000,2022-01-31 04:30:52.000,2022-01-31 04:33:08.000,2022-01-31 02:33:08.000,2022-01-30 21:33:08.000,0
GYB220131-5570-94688, Support 12-month plan,,UA,N/A,N/A,336.0,0.0,0,0.0,0.0,2022-01-31 17:00:11.000,2022-01-31 15:00:11.000,2022-01-31 10:00:11.000,,,,
GYB220131-9233-32125, Support 36-month Plan,Esmee,US,Call,AQ_9,684.0,0.0,0,0.0,0.0,2022-01-31 05:51:48.000,2022-01-31 03:51:48.000,2022-01-30 22:51:48.000,,,,
GYB220131-9233-33175, Support 6-month Plan,Jacob,US,Call,AQ_25,199.2,0.0,0,49.8,0.0,2022-02-01 00:36:54.000,2022-01-31 22:36:54.000,2022-01-31 17:36:54.000,,,,
GYB220201-4242-44123, Support 36-month Plan,Esmee,US,Call,BF.Upgrade,684.0,0.0,0,0.0,0.0,2022-02-01 23:14:44.000,2022-02-01 21:14:44.000,2022-02-01 16:14:44.000,,,,
GYB220201-5570-22118, Support 12-month plan,,UA,N/A,N/A,375.9,39.9,2,0.0,0.0,2022-02-01 17:09:02.000,2022-02-01 15:09:02.000,2022-02-01 10:09:02.000,,,,
GYB220202-1532-21125, Support Single Device Monthly Subscription,Vicky,US,Call,AQ_9,159.17000000000002,109.67,11,49.5,0.0,2022-02-02 22:36:56.000,2022-02-02 20:36:56.000,2022-02-02 15:36:56.000,,,,
GYB220202-1532-71174, Support 12-month Plan,Megan,US,Chat,AQ_9,432.0,0.0,0,0.0,0.0,2022-02-03 00:38:35.000,2022-02-02 22:38:35.000,2022-02-02 17:38:35.000,,,,
GYB220202-3398-32117, Support 24-month plan,Rodger,US,Call,AQ.Upgrade,432.0,0.0,0,0.0,0.0,2022-02-03 02:56:26.000,2022-02-03 00:56:26.000,2022-02-02 19:56:26.000,,,,
GYB220202-5179-53105, Support One Time PC Support ,,US,N/A,N/A,119.2,0.0,0,29.8,0.0,2022-02-02 03:48:01.000,2022-02-02 01:48:01.000,2022-02-01 20:48:01.000,,,,
GYB220202-9233-91123, Support Single Device Monthly Subscription,Esmee,AU,Call,AQ_7,49.47,0.0,0,49.47,0.0,2022-02-03 02:45:12.000,2022-02-03 00:45:12.000,2022-02-02 19:45:12.000,,,,
GYB220203-4977-81116, Support 36-month Plan,Rodger,US,Call,BF.Upgrade,478.8,0.0,0,205.2,0.0,2022-02-04 01:46:53.000,2022-02-03 23:46:53.000,2022-02-03 18:46:53.000,,,,
GYB220203-6501-17170, Support One Time PC Support ,Rinna,US,Chat,AQ_9,149.0,0.0,0,0.0,0.0,2022-02-04 02:35:16.000,2022-02-04 00:35:16.000,2022-02-03 19:35:16.000,,,,
GYB220203-6501-56143, Support One Time PC Support ,Jacob,US,Call,AQ_9,74.5,0.0,0,74.5,0.0,2022-02-03 21:32:00.000,2022-02-03 19:32:00.000,2022-02-03 14:32:00.000,,,,
GYB220203-6501-77116, Support Single Device Monthly Subscription,Esmee,AU,Call,AQ_7,64.31,0.0,0,34.63,0.0,2022-02-03 03:37:39.000,2022-02-03 01:37:39.000,2022-02-02 20:37:39.000,,,,
GYB220203-8017-20116, Support 12-month plan,Esmee,AU,Call,AQ.Upgrade,504.33,168.07999999999998,9,0.0,0.0,2022-02-03 20:43:31.000,2022-02-03 18:43:31.000,2022-02-03 13:43:31.000,,,,
GYB220203-9233-51120, Support One Time PC Support ,Biby,GB,Chat,AQ_9,149.31,0.0,0,0.0,0.0,2022-02-03 15:01:37.000,2022-02-03 13:01:37.000,2022-02-03 08:01:37.000,,,,
GYB220204-3398-78138, Support 36-month Plan,Esmee,CA,Call,AQ_1,683.97,0.0,0,0.0,0.0,2022-02-04 19:50:33.000,2022-02-04 17:50:33.000,2022-02-04 12:50:33.000,,,,
GYB220204-3398-79166, Support 3-month Plan,Esmee,US,Call,AQ_9,378.54999999999995,179.54999999999998,9,0.0,0.0,2022-02-05 00:03:46.000,2022-02-04 22:03:46.000,2022-02-04 17:03:46.000,,,,
GYB220204-5179-13139, Support Single Device Monthly Subscription,Jacob,US,Call,AQ_9,118.95,19.95,1,0.0,0.0,2022-02-04 17:36:12.000,2022-02-04 15:36:12.000,2022-02-04 10:36:12.000,,,,
GYB220204-5179-79108, Support 6-month Plan,Rodger,US,From Support,BF.Upgrade,271.5,59.849999999999994,3,37.35,0.0,2022-02-04 03:29:13.000,2022-02-04 01:29:13.000,2022-02-03 20:29:13.000,,,,
GYB220204-6501-40120, Support Single Device Monthly Subscription,Rodger,US,Call,AQ_9,0.0,0.0,0,49.5,49.5,2022-02-04 04:27:18.000,2022-02-04 02:27:18.000,2022-02-03 21:27:18.000,2022-02-04 15:28:44.000,2022-02-04 13:28:44.000,2022-02-04 08:28:44.000,0
GYB220204-8017-76129, Support 12-month Plan,Rinna,CA,Chat,AQ_9,30.75,0.0,0,0.0,401.53,2022-02-04 03:59:32.000,2022-02-04 01:59:32.000,2022-02-03 20:59:32.000,2022-03-01 12:30:49.000,2022-03-01 10:30:49.000,2022-03-01 05:30:49.000,25
GYB220205-1532-40144, Support One Time PC Support ,Jacob,US,Call,AQ_9,149.0,0.0,0,0.0,0.0,2022-02-05 19:10:14.000,2022-02-05 17:10:14.000,2022-02-05 12:10:14.000,,,,
GYB220205-1532-89107, Support 36-month Plan,Megan,US,From Support,AQ.Upgrade,513.0,0.0,0,171.0,0.0,2022-02-05 03:25:15.000,2022-02-05 01:25:15.000,2022-02-04 20:25:15.000,,,,
GYB220205-4977-12146, Support Single Device Monthly Subscription,Esmee,US,Call,AQ_9,49.5,0.0,0,49.5,0.0,2022-02-06 02:37:38.000,2022-02-06 00:37:38.000,2022-02-05 19:37:38.000,,,,
GYB220205-6501-14156, Support 3-month Plan,Vicky,US,Call,AQ_9,418.44999999999993,219.44999999999996,11,0.0,0.0,2022-02-05 06:00:37.000,2022-02-05 04:00:37.000,2022-02-04 23:00:37.000,,,,
GYB220205-6501-27168, Support 12-month Plan,,US,N/A,N/A,432.0,0.0,0,0.0,0.0,2022-02-05 15:21:05.000,2022-02-05 13:21:05.000,2022-02-05 08:21:05.000,,,,
GYB220205-9233-32114, Support Multiple Device Monthly Subscription,Esmee,US,Call,AQ_9,49.5,0.0,0,49.5,0.0,2022-02-06 01:16:13.000,2022-02-05 23:16:13.000,2022-02-05 18:16:13.000,,,,
GYB220206-8017-49132, Support 36-month Plan,Esmee,AU,Call,AQ_7,202.81,0.0,0,0.0,480.66,2022-02-06 06:42:06.000,2022-02-06 04:42:06.000,2022-02-05 23:42:06.000,2022-02-23 19:54:03.000,2022-02-23 17:54:03.000,2022-02-23 12:54:03.000,17
GYB220206-9233-36137, Support 36-month Plan,Nick,US,Call,AQ_9,149.0,0.0,0,0.0,535.0,2022-02-06 23:58:00.000,2022-02-06 21:58:00.000,2022-02-06 16:58:00.000,2022-04-29 09:17:55.000,2022-04-29 06:17:55.000,2022-04-29 02:17:55.000,82
GYB220206-9233-87112, Support 36-month Plan,Rodger,CA,Call,BF.Upgrade,580.95,0.0,0,102.52,0.0,2022-02-06 17:42:57.000,2022-02-06 15:42:57.000,2022-02-06 10:42:57.000,,,,
GYB220207-3398-46122, Support 36-month Plan,Jules,US,Chat,AQ_9,684.0,0.0,0,0.0,0.0,2022-02-07 23:34:41.000,2022-02-07 21:34:41.000,2022-02-07 16:34:41.000,,,,
GYB220207-4977-14110, Support Single Device Monthly Subscription,Jacob,US,Call,AQ_9,49.5,0.0,0,49.5,0.0,2022-02-07 04:26:11.000,2022-02-07 02:26:11.000,2022-02-06 21:26:11.000,,,,
GYB220207-6501-53148, Support Multiple Device Monthly Subscription,,US,N/A,N/A,597.9999999999998,498.99999999999983,20,0.0,0.0,2022-02-08 02:54:34.000,2022-02-08 00:54:34.000,2022-02-07 19:54:34.000,,,,
GYB220207-8017-38112, Support Single Device Monthly Subscription,Esmee,US,Call,AQ_9,49.5,0.0,0,49.5,0.0,2022-02-07 21:58:08.000,2022-02-07 19:58:08.000,2022-02-07 14:58:08.000,,,,
GYB220208-1532-60120, Support Single Device Monthly Subscription,Esmee,US,Call,AQ_9,64.35,0.0,0,34.65,0.0,2022-02-08 18:59:42.000,2022-02-08 16:59:42.000,2022-02-08 11:59:42.000,,,,
GYB220208-1532-96132, Support 6-month Plan,Rinna,US,Chat,AQ_9,336.0,0.0,0,0.0,0.0,2022-02-08 20:26:14.000,2022-02-08 18:26:14.000,2022-02-08 13:26:14.000,,,,
GYB220208-4977-27132, Support Multiple Device Monthly Subscription,Esmee,US,Call,AQ_25,64.35,0.0,0,34.65,0.0,2022-02-08 21:25:05.000,2022-02-08 19:25:05.000,2022-02-08 14:25:05.000,,,,
GYB220208-5179-29145, Support Single Device Monthly Subscription,Rinna,US,Chat,AQ_9,99.0,0.0,0,0.0,0.0,2022-02-08 22:22:51.000,2022-02-08 20:22:51.000,2022-02-08 15:22:51.000,,,,
GYB220208-5179-48103, Support 3-month Plan,Megan,US,Call,AQ_9,179.1,0.0,0,19.9,0.0,2022-02-08 10:20:53.000,2022-02-08 08:20:53.000,2022-02-08 03:20:53.000,,,,
GYB220208-9233-27117, Support 3-month Plan,Esmee,US,Call,AQ_9,478.44999999999993,339.1499999999999,17,59.7,0.0,2022-02-08 20:33:22.000,2022-02-08 18:33:22.000,2022-02-08 13:33:22.000,,,,
GYB220209-5179-18117, Support 36-month Plan,Rodger,US,From Support,BF.Upgrade,0.0,0.0,0,0.0,684.0,2022-02-09 04:59:37.000,2022-02-09 02:59:37.000,2022-02-08 21:59:37.000,2022-02-09 14:47:35.000,2022-02-09 12:47:35.000,2022-02-09 07:47:35.000,0
GYB220209-6501-27122, Support One Time PC Support ,Megan,CA,Chat,AQ_9,111.74,0.0,0,37.25,0.0,2022-02-09 21:41:47.000,2022-02-09 19:41:47.000,2022-02-09 14:41:47.000,,,,
GYB220209-8017-14101, Support 6-month Plan,Jules,US,Chat,AQ_9,478.49999999999994,279.29999999999995,14,49.8,0.0,2022-02-09 04:19:13.000,2022-02-09 02:19:13.000,2022-02-08 21:19:13.000,,,,
GYB220209-8017-43125, Support 24-month Plan,Rodger,CA,Call,AQ_9,31.75999999999999,0.0,0,115.11,428.67,2022-02-09 05:22:05.000,2022-02-09 03:22:05.000,2022-02-08 22:22:05.000,2022-03-14 12:05:25.000,2022-03-14 10:05:25.000,2022-03-14 06:05:25.000,33
GYB220209-9233-48119, Support 36-month Plan,Rodger,US,From Support,BF.Upgrade,478.8,0.0,0,205.2,0.0,2022-02-09 04:42:35.000,2022-02-09 02:42:35.000,2022-02-08 21:42:35.000,,,,
GYB220210-1230-62119, Support 6-month Plan,Jayce,CA,Call,AQ_1,268.95,0.0,0,67.24,0.0,2022-02-11 00:48:55.000,2022-02-10 22:48:55.000,2022-02-10 17:48:55.000,,,,
GYB220210-1469-55133, Support Single Device Monthly Subscription,Vicky,US,Call,AQ_9,383.54999999999995,319.19999999999993,16,34.65,0.0,2022-02-11 00:45:17.000,2022-02-10 22:45:17.000,2022-02-10 17:45:17.000,,,,
GYB220210-1469-74113, Support 24-month Plan,Olivia,US,Chat,AQ_9,460.8,0.0,0,115.2,0.0,2022-02-10 22:37:25.000,2022-02-10 20:37:25.000,2022-02-10 15:37:25.000,,,,
GYB220210-1833-24119, Support One Time PC Support ,Esmee,US,Call,AQ_1,74.5,0.0,0,74.5,0.0,2022-02-10 18:36:47.000,2022-02-10 16:36:47.000,2022-02-10 11:36:47.000,,,,
GYB220210-2092-53113, Support One Time PC Support ,Biby,AU,Chat,AQ_9,149.11,0.0,0,0.0,0.0,2022-02-10 15:48:48.000,2022-02-10 13:48:48.000,2022-02-10 08:48:48.000,,,,
GYB220210-2756-95124, Support 36-month Plan,Nick,US,Call,AQ_9,684.0,0.0,0,0.0,0.0,2022-02-10 06:21:56.000,2022-02-10 04:21:56.000,2022-02-09 23:21:56.000,,,,
GYB220210-3843-19147, Support One Time PC Support ,Olivia,US,Chat,AQ_9,149.0,0.0,0,0.0,0.0,2022-02-10 23:05:27.000,2022-02-10 21:05:27.000,2022-02-10 16:05:27.000,,,,
GYB220210-4943-65122, Support One Time PC Support ,Olivia,US,Chat,AQ_9,119.2,0.0,0,29.8,0.0,2022-02-10 18:52:15.000,2022-02-10 16:52:15.000,2022-02-10 11:52:15.000,,,,
GYB220210-5240-20112, Support One Time PC Support ,Esmee,US,Call,AQ_9,149.0,0.0,0,0.0,0.0,2022-02-10 23:54:16.000,2022-02-10 21:54:16.000,2022-02-10 16:54:16.000,,,,
GYB220211-1469-20108, Support Single Device Monthly Subscription,Megan,MT,Chat,AQ_9,194.6,95.53,5,0.0,0.0,2022-02-11 03:34:21.000,2022-02-11 01:34:21.000,2022-02-10 20:34:21.000,,,,
GYB220211-1469-33138, Support 36-month Plan,Vicky,AU,Call,AQ_7,683.91,0.0,0,0.0,0.0,2022-02-11 05:10:53.000,2022-02-11 03:10:53.000,2022-02-10 22:10:53.000,,,,
GYB220211-1469-65159, Support 36-month Plan,Nick,US,Call,AQ_25,0.0,0.0,0,0.0,684.0,2022-02-11 19:59:25.000,2022-02-11 17:59:25.000,2022-02-11 12:59:25.000,2022-03-04 20:01:46.000,2022-03-04 18:01:46.000,2022-03-04 13:01:46.000,21
GYB220211-1469-74188, Support 3-month Plan,Jacob,US,Call,AQ_9,149.25,0.0,0,49.75,0.0,2022-02-11 20:09:38.000,2022-02-11 18:09:38.000,2022-02-11 13:09:38.000,,,,
GYB220211-1596-53140, Support 24-month Plan,Esmee,CA,Call,AQ_1,576.0,0.0,0,0.0,0.0,2022-02-12 02:27:41.000,2022-02-12 00:27:41.000,2022-02-11 19:27:41.000,,,,
GYB220211-1596-92116, Support One Time PC Support ,Biby,US,Chat,AQ_9,149.0,0.0,0,0.0,0.0,2022-02-12 00:16:55.000,2022-02-11 22:16:55.000,2022-02-11 17:16:55.000,,,,
GYB220211-3843-60119, Support Single Device Monthly Subscription,Jacob,US,Call,AQ_5,74.25,0.0,0,24.75,0.0,2022-02-11 19:07:38.000,2022-02-11 17:07:38.000,2022-02-11 12:07:38.000,,,,
GYB220211-3843-87152, Support 3-month Plan,Rodger,US,Call,AQ_9,159.2,0.0,0,39.8,0.0,2022-02-11 22:36:46.000,2022-02-11 20:36:46.000,2022-02-11 15:36:46.000,,,,
GYB220211-5240-78127, Support 24-month Plan,Megan,US,Chat,AQ_9,150.0,0.0,0,0.0,426.0,2022-02-11 03:01:19.000,2022-02-11 01:01:19.000,2022-02-10 20:01:19.000,2022-03-21 11:12:20.000,2022-03-21 09:12:20.000,2022-03-21 05:12:20.000,38
GYB220211-6036-80122, Support 36-month Plan,Esmee,US,Call,AQ_1,581.4,0.0,0,102.6,0.0,2022-02-12 00:20:38.000,2022-02-11 22:20:38.000,2022-02-11 17:20:38.000,,,,
GYB220212-1230-50107, Support Single Device Monthly Subscription,Esmee,US,Call,AQ_9,49.5,0.0,0,49.5,0.0,2022-02-12 07:43:02.000,2022-02-12 05:43:02.000,2022-02-12 00:43:02.000,,,,
GYB220212-1469-14155, Support Single Device Monthly Subscription,Jacob,US,Call,AQ_1,74.25,0.0,0,24.75,0.0,2022-02-13 01:04:19.000,2022-02-12 23:04:19.000,2022-02-12 18:04:19.000,,,,
GYB220212-4018-20134, Support Single Device Monthly Subscription,Clary,IL,Chat,AQ_9,99.0,0.0,0,0.0,0.0,2022-02-12 17:48:48.000,2022-02-12 15:48:48.000,2022-02-12 10:48:48.000,,,,
GYB220212-4018-47111, Support 12-month Plan,Rodger,US,Call,AQ_9,302.4,0.0,0,129.6,0.0,2022-02-12 03:45:35.000,2022-02-12 01:45:35.000,2022-02-11 20:45:35.000,,,,
GYB220212-5240-72122, Support 12-month Plan,Esmee,US,Call,AQ_9,324.0,0.0,0,108.0,0.0,2022-02-12 05:22:59.000,2022-02-12 03:22:59.000,2022-02-11 22:22:59.000,,,,
GYB220212-7843-23149, Support 6-month Plan,Esmee,US,Call,AQ_9,308.85,59.849999999999994,3,0.0,0.0,2022-02-12 22:27:48.000,2022-02-12 20:27:48.000,2022-02-12 15:27:48.000,,,,
GYB220212-7843-92119, Support One Time PC Support ,Biby,US,Chat,AQ_9,149.0,0.0,0,0.0,0.0,2022-02-12 08:24:33.000,2022-02-12 06:24:33.000,2022-02-12 01:24:33.000,,,,
GYB220213-1230-82119, Support Single Device Monthly Subscription,Jackie,CA,Call,AQ_1,99.28,0.0,0,0.0,0.0,2022-02-13 21:16:06.000,2022-02-13 19:16:06.000,2022-02-13 14:16:06.000,,,,
GYB220213-1469-14128, Support 12-month Plan,Jules,US,Chat,AQ_9,432.0,0.0,0,0.0,0.0,2022-02-13 16:57:20.000,2022-02-13 14:57:20.000,2022-02-13 09:57:20.000,,,,
GYB220213-1596-48133, Support 24-month Plan,Rodger,US,Call,AQ_9,576.0,0.0,0,0.0,0.0,2022-02-13 22:34:23.000,2022-02-13 20:34:23.000,2022-02-13 15:34:23.000,,,,
GYB220213-3843-45125, Support 36-month Plan,Olivia,US,Chat,AQ_9,684.0,0.0,0,0.0,0.0,2022-02-14 01:10:48.000,2022-02-13 23:10:48.000,2022-02-13 18:10:48.000,,,,
GYB220213-5240-26132, Support Single Device Monthly Subscription,Esmee,US,Call,AQ_9,0.0,0.0,0,34.65,64.35,2022-02-13 03:46:05.000,2022-02-13 01:46:05.000,2022-02-12 20:46:05.000,2022-02-14 14:39:59.000,2022-02-14 12:39:59.000,2022-02-14 07:39:59.000,1
GYB220213-6036-64129, Support One Time PC Support ,Esmee,US,Call,AQ_9,74.5,0.0,0,74.5,0.0,2022-02-13 19:05:45.000,2022-02-13 17:05:45.000,2022-02-13 12:05:45.000,,,,
GYB220214-1469-52121, Support One Time PC Support ,Jules,US,Chat,AQ_9,149.0,0.0,0,0.0,0.0,2022-02-15 01:18:17.000,2022-02-14 23:18:17.000,2022-02-14 18:18:17.000,,,,
GYB220214-1469-56156, Support Single Device Monthly Subscription,Jackie,CA,Call,AQ_1,49.64,0.0,0,49.64,0.0,2022-02-15 01:22:49.000,2022-02-14 23:22:49.000,2022-02-14 18:22:49.000,,,,
GYB220214-6036-21125, Support 36-month Plan,Jackie,US,Call,AQ_9,684.0,0.0,0,0.0,0.0,2022-02-14 18:38:46.000,2022-02-14 16:38:46.000,2022-02-14 11:38:46.000,,,,
GYB220214-6036-72107, Support One Time PC Support ,,US,N/A,N/A,96.85,0.0,0,52.15,0.0,2022-02-14 16:59:32.000,2022-02-14 14:59:32.000,2022-02-14 09:59:32.000,,,,
GYB220215-1469-62125, Support 24-month Plan,Vicky,US,Call,AQ_9,276.0,0.0,0,0.0,300.0,2022-02-15 22:28:32.000,2022-02-15 20:28:32.000,2022-02-15 15:28:32.000,2022-04-07 11:08:06.000,2022-04-07 08:08:06.000,2022-04-07 04:08:06.000,51
GYB220215-1596-15110, Support 36-month Plan,Jayce,US,Call,AQ_9,0.0,0.0,0,0.0,684.0,2022-02-15 20:03:24.000,2022-02-15 18:03:24.000,2022-02-15 13:03:24.000,2022-02-24 08:02:25.000,2022-02-24 06:02:25.000,2022-02-24 01:02:25.000,9
GYB220215-5240-75172, Support One Time PC Support ,Rinna,US,Chat,AQ_9,149.0,0.0,0,0.0,0.0,2022-02-16 01:22:57.000,2022-02-15 23:22:57.000,2022-02-15 18:22:57.000,,,,
GYB220215-5240-93129, Support Single Device Monthly Subscription,Jackie,CA,Call,AQ_1,70.12,20.509999999999998,2,49.61,0.0,2022-02-16 00:42:50.000,2022-02-15 22:42:50.000,2022-02-15 17:42:50.000,,,,
GYB220216-3843-67122, Support One Time PC Support ,Esmee,US,Call,AQ_25,96.85,0.0,0,52.15,0.0,2022-02-16 21:07:08.000,2022-02-16 19:07:08.000,2022-02-16 14:07:08.000,,,,
GYB220216-4018-97119, Support 36-month Plan,Biby,GB,Chat,AQ_9,683.77,0.0,0,0.0,0.0,2022-02-16 19:26:51.000,2022-02-16 17:26:51.000,2022-02-16 12:26:51.000,,,,
GYB220216-9780-48120, Support 36-month Plan,Jackie,AU,Call,AQ_7,683.38,0.0,0,0.0,0.0,2022-02-16 04:34:33.000,2022-02-16 02:34:33.000,2022-02-15 21:34:33.000,,,,
GYB220217-1324-28136, Support 3-month Plan,Rodger,US,Call,AQ_9,159.25,19.95,1,59.7,0.0,2022-02-17 21:38:47.000,2022-02-17 19:38:47.000,2022-02-17 14:38:47.000,,,,
GYB220217-1324-81112, Support 12-month Plan,Olivia,US,Chat,AQ_9,132.0,0.0,0,0.0,300.0,2022-02-17 19:34:25.000,2022-02-17 17:34:25.000,2022-02-17 12:34:25.000,2022-02-28 13:32:31.000,2022-02-28 11:32:31.000,2022-02-28 06:32:31.000,11
GYB220217-1791-56133, Support 24-month Plan,Vicky,CA,Call,AQ_1,576.05,0.0,0,0.0,0.0,2022-02-17 05:23:32.000,2022-02-17 03:23:32.000,2022-02-16 22:23:32.000,,,,
GYB220217-2723-85130, Support 36-month Plan,Esmee,US,Call,AQ.Upgrade,615.6,0.0,0,68.4,0.0,2022-02-17 18:07:48.000,2022-02-17 16:07:48.000,2022-02-17 11:07:48.000,,,,
GYB220217-4103-59140, Support 12-month Plan,Nick,PA,Call,AQ_9,149.0,0.0,0,0.0,283.0,2022-02-18 00:41:57.000,2022-02-17 22:41:57.000,2022-02-17 17:41:57.000,2022-03-18 11:23:47.000,2022-03-18 09:23:47.000,2022-03-18 05:23:47.000,28
GYB220217-4827-85118, Support One Time PC Support ,Jacob,US,Call,AQ_9,96.85,0.0,0,52.15,0.0,2022-02-18 00:25:07.000,2022-02-17 22:25:07.000,2022-02-17 17:25:07.000,,,,
GYB220217-7423-36114, Support 6-month Plan,Nick,US,Call,AQ_9,259.04999999999995,59.849999999999994,3,49.8,0.0,2022-02-18 01:47:20.000,2022-02-17 23:47:20.000,2022-02-17 18:47:20.000,,,,
GYB220217-8578-93123, Support One Time PC Support ,Megan,US,Chat,PDFSuite.CTA,149.0,0.0,0,0.0,0.0,2022-02-17 03:14:16.000,2022-02-17 01:14:16.000,2022-02-16 20:14:16.000,,,,
GYB220217-9979-62120, Support Multiple Device Monthly Subscription,Rodger,US,Call,AQ_25,124.32000000000001,74.82000000000001,6,49.5,0.0,2022-02-17 17:32:58.000,2022-02-17 15:32:58.000,2022-02-17 10:32:58.000,,,,
GYB220218-1719-79130, Support 36-month plan,,GB,N/A,N/A,260.49999999999994,57.77,3,0.0,372.83,2022-02-18 21:17:42.000,2022-02-18 19:17:42.000,2022-02-18 14:17:42.000,2022-03-13 12:25:52.000,2022-03-13 10:25:52.000,2022-03-13 06:25:52.000,23
GYB220218-1719-97110, Support One Time PC Support ,Nick,US,Call,AQ_9,149.0,0.0,0,0.0,0.0,2022-02-18 06:33:46.000,2022-02-18 04:33:46.000,2022-02-17 23:33:46.000,,,,
GYB220218-6894-75107, Support Multiple Device Monthly Subscription,Rodger,US,Call,AQ_9,74.44,24.94,2,49.5,0.0,2022-02-18 22:19:02.000,2022-02-18 20:19:02.000,2022-02-18 15:19:02.000,,,,
GYB220218-6894-79140, Support One Time PC Support ,Biby,US,Chat,AQ_9,149.0,0.0,0,0.0,0.0,2022-02-18 23:42:46.000,2022-02-18 21:42:46.000,2022-02-18 16:42:46.000,,,,
GYB220218-7311-61120, Support 12-month Plan,Rodger,US,From Support,AQ.Upgrade,302.4,0.0,0,129.6,0.0,2022-02-18 19:54:19.000,2022-02-18 17:54:19.000,2022-02-18 12:54:19.000,,,,
GYB220218-8715-39126, Support 24-month Plan,Rodger,US,Call,AQ_1,576.0,0.0,0,0.0,0.0,2022-02-18 17:02:48.000,2022-02-18 15:02:48.000,2022-02-18 10:02:48.000,,,,
GYB220219-3437-51117, Support 36-month Plan,Jackie,GB,Call,AQ_9,683.91,0.0,0,0.0,0.0,2022-02-19 17:44:49.000,2022-02-19 15:44:49.000,2022-02-19 10:44:49.000,,,,
GYB220219-6344-17113, Support Single Device Monthly Subscription,Rodger,AU,Call,AQ_7,84.24,0.0,0,14.87,0.0,2022-02-20 00:04:29.000,2022-02-19 22:04:29.000,2022-02-19 17:04:29.000,,,,
GYB220219-6643-35171, Support One Time PC Support ,Ruby,US,Chat,AQ_9,149.0,0.0,0,0.0,0.0,2022-02-20 01:05:01.000,2022-02-19 23:05:01.000,2022-02-19 18:05:01.000,,,,
GYB220219-6643-41143, Support Single Device Monthly Subscription,Rodger,US,Call,AQ_9,84.15,0.0,0,14.85,0.0,2022-02-19 22:47:16.000,2022-02-19 20:47:16.000,2022-02-19 15:47:16.000,,,,
GYB220219-6643-67120, Support 12-month Plan,Jules,US,Chat,AQ_9,432.0,0.0,0,0.0,0.0,2022-02-19 21:10:00.000,2022-02-19 19:10:00.000,2022-02-19 14:10:00.000,,,,
GYB220219-6894-98116, Support 3-month Plan,Jackie,US,Call,AQ_9,199.1,39.9,2,39.8,0.0,2022-02-19 22:00:32.000,2022-02-19 20:00:32.000,2022-02-19 15:00:32.000,,,,
GYB220219-7341-65119, Support 36-month Plan,,US,N/A,N/A,547.2,0.0,0,136.8,0.0,2022-02-19 03:32:18.000,2022-02-19 01:32:18.000,2022-02-18 20:32:18.000,,,,
GYB220220-6344-60136, Support One Time PC Support ,Jules,US,Chat,AQ_9,119.2,0.0,0,29.8,0.0,2022-02-21 02:21:09.000,2022-02-21 00:21:09.000,2022-02-20 19:21:09.000,,,,
GYB220220-6894-55191, Support 36-month plan,Rodger,US,Call,BF.Upgrade,576.0,0.0,0,0.0,0.0,2022-02-21 02:15:25.000,2022-02-21 00:15:25.000,2022-02-20 19:15:25.000,,,,
GYB220220-6894-63128, Support One Time PC Support ,,US,N/A,N/A,149.0,0.0,0,0.0,0.0,2022-02-20 20:42:21.000,2022-02-20 18:42:21.000,2022-02-20 13:42:21.000,,,,
GYB220220-7341-39112, Support One Time PC Support ,Jackie,AU,Call,AQ_7,74.67,0.0,0,74.67,0.0,2022-02-20 23:06:15.000,2022-02-20 21:06:15.000,2022-02-20 16:06:15.000,,,,
GYB220221-3437-92119, Support One Time PC Support ,Vicky,US,Call,AQ_1,74.5,0.0,0,74.5,0.0,2022-02-22 00:51:59.000,2022-02-21 22:51:59.000,2022-02-21 17:51:59.000,,,,
GYB220221-3925-60124, Support Single Device Monthly Subscription,,US,N/A,N/A,49.5,0.0,0,49.5,0.0,2022-02-21 17:09:04.000,2022-02-21 15:09:04.000,2022-02-21 10:09:04.000,,,,
GYB220221-3925-93142, Support One Time PC Support ,,US,N/A,N/A,74.5,0.0,0,74.5,0.0,2022-02-21 20:52:26.000,2022-02-21 18:52:26.000,2022-02-21 13:52:26.000,,,,
GYB220221-6643-26110, Support Single Device Monthly Subscription,Rodger,US,Call,AQ_9,49.5,0.0,0,49.5,0.0,2022-02-21 05:13:13.000,2022-02-21 03:13:13.000,2022-02-20 22:13:13.000,,,,
GYB220221-7341-37129, Support 36-month Plan,,US,N/A,N/A,684.0,0.0,0,0.0,0.0,2022-02-21 21:33:16.000,2022-02-21 19:33:16.000,2022-02-21 14:33:16.000,,,,
GYB220221-9523-16124, Support 12-month Plan,Rodger,AU,Call,AQ_7,321.84000000000003,19.28,1,129.67,0.0,2022-02-21 07:18:29.000,2022-02-21 05:18:29.000,2022-02-21 00:18:29.000,,,,
GYB220221-9523-20157, Support 36-month Plan,,US,N/A,N/A,81.39999999999998,0.0,0,102.6,500.0,2022-02-21 20:38:21.000,2022-02-21 18:38:21.000,2022-02-21 13:38:21.000,2022-02-25 16:45:46.000,2022-02-25 14:45:46.000,2022-02-25 09:45:46.000,4
GYB220222-1825-75144, Support One Time PC Support ,,CA,N/A,N/A,111.9,0.0,0,37.3,0.0,2022-02-22 22:18:40.000,2022-02-22 20:18:40.000,2022-02-22 15:18:40.000,,,,
GYB220222-3437-12141, Support Single Device Monthly Subscription,,US,N/A,N/A,49.5,0.0,0,49.5,0.0,2022-02-23 02:16:11.000,2022-02-23 00:16:11.000,2022-02-22 19:16:11.000,,,,
GYB220222-3437-47118, Support 12-month plan,,US,N/A,N/A,305.55,19.95,1,50.4,0.0,2022-02-22 17:58:51.000,2022-02-22 15:58:51.000,2022-02-22 10:58:51.000,,,,
GYB220222-3925-33137, Support 3-month Plan,Keira,US,Chat,AQ_21,199.0,0.0,0,0.0,0.0,2022-02-22 08:03:42.000,2022-02-22 06:03:42.000,2022-02-22 01:03:42.000,,,,
GYB220222-3925-65102, Support 36-month Plan,,US,N/A,N/A,0.0,0.0,0,171.0,513.0,2022-02-22 03:16:26.000,2022-02-22 01:16:26.000,2022-02-21 20:16:26.000,2022-04-04 10:03:17.000,2022-04-04 07:03:17.000,2022-04-04 03:03:17.000,41
GYB220222-3925-79198, Support 12-month Plan,,GB,N/A,N/A,432.46,0.0,0,0.0,0.0,2022-02-23 01:20:57.000,2022-02-22 23:20:57.000,2022-02-22 18:20:57.000,,,,
GYB220222-6643-83126, Support Single Device Monthly Subscription,,CA,N/A,N/A,6.609999999999999,0.0,0,0.0,92.61,2022-02-22 21:20:45.000,2022-02-22 19:20:45.000,2022-02-22 14:20:45.000,2022-05-05 05:24:23.000,2022-05-05 02:24:23.000,2022-05-04 22:24:23.000,72
GYB220222-6643-85114, Support 12-month Plan,,AU,N/A,N/A,432.2,0.0,0,0.0,0.0,2022-02-22 05:55:28.000,2022-02-22 03:55:28.000,2022-02-21 22:55:28.000,,,,
GYB220222-6643-97159, Support Multiple Device Monthly Subscription,Nick,US,N/A,N/A,128.7,0.0,0,69.3,0.0,2022-02-23 00:57:31.000,2022-02-22 22:57:31.000,2022-02-22 17:57:31.000,,,,
GYB220222-7341-41104, Support Multiple Device Monthly Subscription,Rodger,CA,Call,AQ_1,99.22,0.0,0,0.0,0.0,2022-02-22 23:28:02.000,2022-02-22 21:28:02.000,2022-02-22 16:28:02.000,,,,
GYB220223-6894-83113, Support 12-month Plan,,US,N/A,N/A,432.0,0.0,0,0.0,0.0,2022-02-23 22:05:50.000,2022-02-23 20:05:50.000,2022-02-23 15:05:50.000,,,,
GYB220223-7341-49130, Support Multiple Device Monthly Subscription,Rodger,US,Call,AQ_9,74.44,24.94,2,49.5,0.0,2022-02-23 23:12:52.000,2022-02-23 21:12:52.000,2022-02-23 16:12:52.000,,,,
GYB220224-3437-55128, Support 6-month Plan,Ruby,CA,Ticket,AQ_21,288.64,39.22,2,0.0,0.0,2022-02-24 20:25:09.000,2022-02-24 18:25:09.000,2022-02-24 13:25:09.000,,,,
GYB220224-6344-94127, Support 12-month Plan,,US,N/A,N/A,324.0,0.0,0,108.0,0.0,2022-02-24 03:32:47.000,2022-02-24 01:32:47.000,2022-02-23 20:32:47.000,,,,
GYB220224-7955-11142, Support One Time PC Support ,,CA,N/A,N/A,74.68,0.0,0,74.68,0.0,2022-02-25 01:10:04.000,2022-02-24 23:10:04.000,2022-02-24 18:10:04.000,,,,
GYB220224-9523-71127, Support One Time PC Support ,,US,N/A,N/A,96.85,0.0,0,52.15,0.0,2022-02-24 05:05:49.000,2022-02-24 03:05:49.000,2022-02-23 22:05:49.000,,,,
GYB220225-6849-52135, Support Single Device Monthly Subscription,Jackie,US,Call,AQ_9,238.93,189.43,19,49.5,0.0,2022-02-25 19:11:29.000,2022-02-25 17:11:29.000,2022-02-25 12:11:29.000,,,,
GYB220226-3969-68106, Support One Time PC Support ,Vicky,US,Call,AQ_9,74.5,0.0,0,74.5,0.0,2022-02-26 17:49:22.000,2022-02-26 15:49:22.000,2022-02-26 10:49:22.000,,,,
GYB220227-3240-47111, Support One Time PC Support ,,GB,N/A,N/A,149.8,0.0,0,0.0,0.0,2022-02-27 10:10:56.000,2022-02-27 08:10:56.000,2022-02-27 03:10:56.000,,,,
GYB220227-3969-54123, Support 36-month Plan,,US,N/A,N/A,547.2,0.0,0,136.8,0.0,2022-02-27 23:38:06.000,2022-02-27 21:38:06.000,2022-02-27 16:38:06.000,,,,
GYB220227-6206-73123, Support 36-month Plan,Jules,US,Chat,AQ_9,684.0,0.0,0,0.0,0.0,2022-02-27 03:11:12.000,2022-02-27 01:11:12.000,2022-02-26 20:11:12.000,,,,
GYB220227-6206-97164, Support One Time PC Support ,,US,N/A,N/A,149.0,0.0,0,0.0,0.0,2022-02-27 22:08:51.000,2022-02-27 20:08:51.000,2022-02-27 15:08:51.000,,,,
GYB220228-5377-43114, Support 3-month Plan,Keira,GB,Chat,AQ_21,199.56,0.0,0,0.0,0.0,2022-03-01 00:16:51.000,2022-02-28 22:16:51.000,2022-02-28 17:16:51.000,,,,
GYB220228-6206-73107, Support 12-month Plan,,US,N/A,N/A,302.4,0.0,0,129.6,0.0,2022-02-28 19:20:05.000,2022-02-28 17:20:05.000,2022-02-28 12:20:05.000,,,,
GYB220228-6849-15105, Support 12-month Plan,,CA,N/A,N/A,302.58,0.0,0,129.68,0.0,2022-03-01 00:23:34.000,2022-02-28 22:23:34.000,2022-02-28 17:23:34.000,,,,
GYB220301-3240-50125, Support Single Device Monthly Subscription,Jackie,CA,Call,AQ.Upgrade,433.18,333.92,17,0.0,0.0,2022-03-01 20:47:42.000,2022-03-01 18:47:42.000,2022-03-01 13:47:42.000,,,,
GYB220301-3969-41127, Support 36-month Plan,Jules,US,Chat,AQ_9,684.0,0.0,0,0.0,0.0,2022-03-01 09:36:33.000,2022-03-01 07:36:33.000,2022-03-01 02:36:33.000,,,,
GYB220301-6206-89120, Support One Time PC Support ,Jules,IL,Chat,AQ_9,149.0,0.0,0,0.0,0.0,2022-03-01 14:22:27.000,2022-03-01 12:22:27.000,2022-03-01 07:22:27.000,,,,
GYB220302-3240-59133, Support 36-month Plan,Rodger,US,From Support,BF.Upgrade,478.8,0.0,0,205.2,0.0,2022-03-02 17:55:07.000,2022-03-02 15:55:07.000,2022-03-02 10:55:07.000,,,,
GYB220302-5377-65116, Support 3-month Plan,Keira,US,Chat,AQ_21,258.85,59.849999999999994,3,0.0,0.0,2022-03-02 04:13:44.000,2022-03-02 02:13:44.000,2022-03-01 21:13:44.000,,,,
GYB220303-5377-72116, Support One Time PC Support ,,US,N/A,N/A,149.0,0.0,0,0.0,0.0,2022-03-03 23:39:31.000,2022-03-03 21:39:31.000,2022-03-03 16:39:31.000,,,,
GYB220303-7835-78112, Support 36-month Plan,,SG,N/A,N/A,580.85,0.0,0,102.5,0.0,2022-03-03 16:29:22.000,2022-03-03 14:29:22.000,2022-03-03 09:29:22.000,,,,
GYB220304-3969-90145, Support 12-month Plan,Jules,US,Chat,AQ_9,505.20000000000005,159.6,8,86.4,0.0,2022-03-05 02:41:44.000,2022-03-05 00:41:44.000,2022-03-04 19:41:44.000,,,,
GYB220304-5377-70126, Support 3-month Plan,Jackie,US,Call,AQ_9,388.65,239.39999999999995,12,49.75,0.0,2022-03-05 02:09:08.000,2022-03-05 00:09:08.000,2022-03-04 19:09:08.000,,,,
GYB220304-6849-18122, Support One Time PC Support ,Jackie,US,Call,AQ_25,0.0,0.0,0,37.25,111.75,2022-03-04 19:43:08.000,2022-03-04 17:43:08.000,2022-03-04 12:43:08.000,2022-03-04 16:11:00.000,2022-03-04 14:11:00.000,2022-03-04 09:11:00.000,0
GYB220304-7955-24111, Support One Time PC Support ,Jackie,US,Call,AQ_9,96.85,0.0,0,52.15,0.0,2022-03-04 23:39:48.000,2022-03-04 21:39:48.000,2022-03-04 16:39:48.000,,,,
GYB220305-3969-90131, Support One Time PC Support ,,US,N/A,N/A,149.0,0.0,0,0.0,0.0,2022-03-05 22:32:10.000,2022-03-05 20:32:10.000,2022-03-05 15:32:10.000,,,,
GYB220306-5675-78115, Support Multiple Device Monthly Subscription,Vicky,US,Call,AQ_9,79.2,0.0,0,19.8,0.0,2022-03-07 02:10:58.000,2022-03-07 00:10:58.000,2022-03-06 19:10:58.000,,,,
GYB220306-6206-92115, Support One Time PC Support ,,US,N/A,N/A,149.0,0.0,0,0.0,0.0,2022-03-06 16:08:15.000,2022-03-06 14:08:15.000,2022-03-06 09:08:15.000,,,,
GYB220306-7835-66111, Support 3-month Plan,Keira,US,Chat,AQ_21,238.9,39.9,2,0.0,0.0,2022-03-06 23:20:16.000,2022-03-06 21:20:16.000,2022-03-06 16:20:16.000,,,,
GYB220307-3969-17116, Support 36-month Plan,,US,N/A,N/A,149.0,0.0,0,0.0,535.0,2022-03-07 15:12:49.000,2022-03-07 13:12:49.000,2022-03-07 08:12:49.000,2022-04-11 10:41:35.000,2022-04-11 07:41:35.000,2022-04-11 03:41:35.000,35
GYB220307-3969-71174, Support 12-month Plan,,US,N/A,N/A,591.6,159.6,8,0.0,0.0,2022-03-08 02:25:07.000,2022-03-08 00:25:07.000,2022-03-07 19:25:07.000,,,,
GYB220307-6206-11131, Support 36-month Plan,Jules,US,Chat,AQ_9,684.0,0.0,0,0.0,0.0,2022-03-07 04:48:42.000,2022-03-07 02:48:42.000,2022-03-06 21:48:42.000,,,,
GYB220308-5377-94125, Support 12-month Plan,,CA,N/A,N/A,323.66,0.0,0,107.89,0.0,2022-03-08 18:02:16.000,2022-03-08 16:02:16.000,2022-03-08 11:02:16.000,,,,
GYB220308-5675-30119, Support 12-month Plan,,US,N/A,N/A,471.9,39.9,2,0.0,0.0,2022-03-08 04:20:05.000,2022-03-08 02:20:05.000,2022-03-07 21:20:05.000,,,,
GYB220308-5675-46158, Support One Time PC Support ,Jackie,US,Call,AQ_9,96.85,0.0,0,52.15,0.0,2022-03-08 07:37:29.000,2022-03-08 05:37:29.000,2022-03-08 00:37:29.000,,,,
GYB220308-5675-51176, Support Single Device Monthly Subscription,,US,N/A,N/A,458.2499999999999,379.0499999999999,19,19.8,0.0,2022-03-08 20:32:42.000,2022-03-08 18:32:42.000,2022-03-08 13:32:42.000,,,,
GYB220308-5837-29131, Support 12-month plan,,UA,N/A,N/A,355.95,19.95,1,0.0,0.0,2022-03-08 19:39:07.000,2022-03-08 17:39:07.000,2022-03-08 12:39:07.000,,,,
GYB220308-7955-34117, Support One Time PC Support ,,US,N/A,N/A,149.0,0.0,0,0.0,0.0,2022-03-08 17:15:51.000,2022-03-08 15:15:51.000,2022-03-08 10:15:51.000,,,,
GYB220309-5377-12149, Support 12-month Plan,,US,N/A,N/A,302.4,0.0,0,129.6,0.0,2022-03-10 02:38:10.000,2022-03-10 00:38:10.000,2022-03-09 19:38:10.000,,,,
GYB220309-5377-23103, Support 36-month Plan,Rodger,US,Call,AQ_9,513.0,0.0,0,171.0,0.0,2022-03-09 20:30:33.000,2022-03-09 18:30:33.000,2022-03-09 13:30:33.000,,,,
GYB220309-6206-26109, Support 12-month Plan,Jules,PR,Chat,AQ_9,491.85,59.849999999999994,3,0.0,0.0,2022-03-09 22:52:37.000,2022-03-09 20:52:37.000,2022-03-09 15:52:37.000,,,,
GYB220309-7835-25156, Support Multiple Device Monthly Subscription,Jules,US,Chat,AQ_9,173.85,74.85,3,0.0,0.0,2022-03-09 20:55:08.000,2022-03-09 18:55:08.000,2022-03-09 13:55:08.000,,,,
GYB220309-7835-43137, Support One Time PC Support ,Jackie,US,Call,AQ_9,96.85,0.0,0,52.15,0.0,2022-03-09 20:07:07.000,2022-03-09 18:07:07.000,2022-03-09 13:07:07.000,,,,
GYB220309-7835-70196, Support 36-month plan,Rodger,US,Call,AQ.Upgrade,576.0,0.0,0,0.0,0.0,2022-03-10 01:22:44.000,2022-03-09 23:22:44.000,2022-03-09 18:22:44.000,,,,
GYB220309-7955-90110, Support Single Device Monthly Subscription,Rodger,US,Call,AQ_9,69.44,19.94,2,49.5,0.0,2022-03-09 21:46:09.000,2022-03-09 19:46:09.000,2022-03-09 14:46:09.000,,,,
GYB220309-7955-91130, Support 12-month Plan,,US,N/A,N/A,432.0,0.0,0,0.0,0.0,2022-03-09 23:23:32.000,2022-03-09 21:23:32.000,2022-03-09 16:23:32.000,,,,
GYB220310-3240-23126, Support 36-month Plan,,US,N/A,N/A,684.0,0.0,0,0.0,0.0,2022-03-10 22:34:33.000,2022-03-10 20:34:33.000,2022-03-10 15:34:33.000,,,,
GYB220310-3240-37168, Support Single Device Monthly Subscription,Rodger,CA,Call,AQ_1,84.33,0.0,0,14.88,0.0,2022-03-11 00:15:08.000,2022-03-10 22:15:08.000,2022-03-10 17:15:08.000,,,,
GYB220310-3969-28120, Support Single Device Monthly Subscription,Nick,US,From Support,ByteFence.CTA,138.9,39.9,2,0.0,0.0,2022-03-10 07:35:46.000,2022-03-10 05:35:46.000,2022-03-10 00:35:46.000,,,,
GYB220310-7835-69114, Support Single Device Monthly Subscription,,US,N/A,N/A,64.35,0.0,0,34.65,0.0,2022-03-10 19:14:17.000,2022-03-10 17:14:17.000,2022-03-10 12:14:17.000,,,,
GYB220311-6876-27174, Support 12-month Plan,,US,N/A,N/A,302.4,0.0,0,129.6,0.0,2022-03-11 23:12:58.000,2022-03-11 21:12:58.000,2022-03-11 16:12:58.000,,,,
GYB220311-6876-33119, Support 12-month Plan,,US,N/A,N/A,324.0,0.0,0,108.0,0.0,2022-03-11 20:49:29.000,2022-03-11 18:49:29.000,2022-03-11 13:49:29.000,,,,
GYB220311-6876-90159, Support 36-month Plan,,US,N/A,N/A,684.0,0.0,0,0.0,0.0,2022-03-11 20:56:42.000,2022-03-11 18:56:42.000,2022-03-11 13:56:42.000,,,,
GYB220311-7311-68115, Support Single Device Monthly Subscription,Rodger,US,Call,AQ_9,49.5,0.0,0,49.5,0.0,2022-03-11 06:03:49.000,2022-03-11 04:03:49.000,2022-03-10 23:03:49.000,,,,
GYB220312-7311-15116, Support 12-month Plan,,US,N/A,N/A,591.6,159.6,8,0.0,0.0,2022-03-13 01:49:17.000,2022-03-12 23:49:17.000,2022-03-12 18:49:17.000,,,,
GYB220312-7871-21132, Support Single Device Monthly Subscription,,CA,N/A,N/A,64.43,0.0,0,34.69,0.0,2022-03-12 20:11:28.000,2022-03-12 18:11:28.000,2022-03-12 13:11:28.000,,,,
GYB220312-7910-19108, Support One Time PC Support ,,US,N/A,N/A,149.0,0.0,0,0.0,0.0,2022-03-13 01:24:23.000,2022-03-12 23:24:23.000,2022-03-12 18:24:23.000,,,,
GYB220312-8911-53140, Support Single Device Monthly Subscription,,US,N/A,N/A,64.35,0.0,0,34.65,0.0,2022-03-12 19:05:58.000,2022-03-12 17:05:58.000,2022-03-12 12:05:58.000,,,,
GYB220312-8911-80109, Support One Time PC Support ,,GB,N/A,N/A,149.29,0.0,0,0.0,0.0,2022-03-12 14:28:38.000,2022-03-12 12:28:38.000,2022-03-12 07:28:38.000,,,,
GYB220313-3044-21132, Support 12-month Plan,Vicky,US,Call,AQ_9,451.95,19.95,1,0.0,0.0,2022-03-13 05:10:29.000,2022-03-13 03:10:29.000,2022-03-12 22:10:29.000,,,,
GYB220313-7311-52163, Support Single Device Monthly Subscription,,US,N/A,N/A,64.35,0.0,0,34.65,0.0,2022-03-13 23:51:45.000,2022-03-13 21:51:45.000,2022-03-13 17:51:45.000,,,,
GYB220313-7311-69134, Support 36-month Plan,,US,N/A,N/A,684.0,0.0,0,0.0,0.0,2022-03-13 20:11:13.000,2022-03-13 18:11:13.000,2022-03-13 14:11:13.000,,,,
GYB220313-7871-16146, Support 6-month plan,,US,N/A,N/A,199.0,0.0,0,19.95,0.0,2022-03-14 01:40:38.000,2022-03-13 23:40:38.000,2022-03-13 19:40:38.000,,,,
GYB220313-8911-62133, Support Single Device Monthly Subscription,,GB,N/A,N/A,49.8,0.0,0,49.8,0.0,2022-03-13 21:31:47.000,2022-03-13 19:31:47.000,2022-03-13 15:31:47.000,,,,
GYB220314-6422-50130, Support 3-month Plan,Keira,US,Chat,AQ_21,238.9,39.9,2,0.0,0.0,2022-03-14 04:35:58.000,2022-03-14 02:35:58.000,2022-03-13 22:35:58.000,,,,
GYB220314-7311-89114, Support One Time PC Support ,Rodger,US,Call,AQ_9,149.0,0.0,0,0.0,0.0,2022-03-14 21:04:00.000,2022-03-14 19:04:00.000,2022-03-14 15:04:00.000,,,,
GYB220314-7910-44104, Support 12-month plan,Rodger,US,Call,AQ_9,394.79999999999995,159.6,8,100.8,0.0,2022-03-14 19:19:51.000,2022-03-14 17:19:51.000,2022-03-14 13:19:51.000,,,,
GYB220315-2559-11126, Support Single Device Monthly Subscription,,US,N/A,N/A,99.0,0.0,0,0.0,0.0,2022-03-16 02:54:55.000,2022-03-16 00:54:55.000,2022-03-15 20:54:55.000,,,,
GYB220315-3044-50134, Support 6-month Plan,Ruby,US,Ticket,AQ_21,249.0,0.0,0,0.0,0.0,2022-03-15 16:36:40.000,2022-03-15 14:36:40.000,2022-03-15 10:36:40.000,,,,
GYB220315-3044-51110, Support One Time PC Support ,,US,N/A,N/A,149.0,0.0,0,0.0,0.0,2022-03-15 03:16:30.000,2022-03-15 01:16:30.000,2022-03-14 21:16:30.000,,,,
GYB220315-3044-57179, Support 12-month Plan,Jules,US,Chat,AQ_9,0.0,0.0,0,0.0,432.0,2022-03-15 22:47:41.000,2022-03-15 20:47:41.000,2022-03-15 16:47:41.000,2022-05-02 10:46:53.000,2022-05-02 07:46:53.000,2022-05-02 03:46:53.000,48
GYB220315-7477-94120, Support One Time PC Support ,,ZA,N/A,N/A,149.0,0.0,0,0.0,0.0,2022-03-15 12:03:15.000,2022-03-15 10:03:15.000,2022-03-15 06:03:15.000,,,,
GYB220315-7871-53127, Support 36-month Plan,Jackie,US,Call,AQ_9,581.4,0.0,0,102.6,0.0,2022-03-15 19:51:42.000,2022-03-15 17:51:42.000,2022-03-15 13:51:42.000,,,,
GYB220316-2559-24124, Support 24-month Plan,Rinna,US,Chat,AQ_9,576.0,0.0,0,0.0,0.0,2022-03-16 20:17:52.000,2022-03-16 18:17:52.000,2022-03-16 14:17:52.000,,,,
GYB220316-3044-53129, Support 36-month Plan,Vicky,US,Call,AQ_9,0.0,0.0,0,0.0,684.0,2022-03-16 17:14:26.000,2022-03-16 15:14:26.000,2022-03-16 11:14:26.000,2022-03-18 13:34:08.000,2022-03-18 11:34:08.000,2022-03-18 07:34:08.000,2
GYB220316-7477-67124, Support 36-month Plan,Jules,US,Chat,AQ_9,684.0,0.0,0,0.0,0.0,2022-03-17 01:43:44.000,2022-03-16 23:43:44.000,2022-03-16 19:43:44.000,,,,
GYB220316-7871-56152, Support One Time PC Support ,Jackie,US,Call,AQ_25,96.85,0.0,0,52.15,0.0,2022-03-16 23:50:38.000,2022-03-16 21:50:38.000,2022-03-16 17:50:38.000,,,,
GYB220317-2559-72126, Support 36-month Plan,,US,N/A,N/A,684.0,0.0,0,0.0,0.0,2022-03-18 01:44:14.000,2022-03-17 23:44:14.000,2022-03-17 19:44:14.000,,,,
GYB220317-7910-35122, Support 6-month plan,Rodger,CA,Call,AQ_1,269.05,134.62,7,57.61,0.0,2022-03-17 04:36:16.000,2022-03-17 02:36:16.000,2022-03-16 22:36:16.000,,,,
GYB220317-8911-29119, Support 12-month Plan,,US,N/A,N/A,451.95,19.95,1,0.0,0.0,2022-03-17 17:18:44.000,2022-03-17 15:18:44.000,2022-03-17 11:18:44.000,,,,
GYB220318-2559-54136, Support 12-month Plan,,US,N/A,N/A,345.6,0.0,0,86.4,0.0,2022-03-18 21:11:51.000,2022-03-18 19:11:51.000,2022-03-18 15:11:51.000,,,,
GYB220318-3044-81133, Support One Time PC Support ,,US,N/A,N/A,149.0,0.0,0,0.0,0.0,2022-03-18 21:30:38.000,2022-03-18 19:30:38.000,2022-03-18 15:30:38.000,,,,
GYB220318-7477-36126, Support 36-month Plan,,US,N/A,N/A,684.0,0.0,0,0.0,0.0,2022-03-19 02:32:30.000,2022-03-19 00:32:30.000,2022-03-18 20:32:30.000,,,,
GYB220319-2559-14135, Support 36-month Plan,,US,N/A,N/A,684.0,0.0,0,0.0,0.0,2022-03-19 18:37:12.000,2022-03-19 16:37:12.000,2022-03-19 12:37:12.000,,,,
GYB220319-2559-92174, Support 12-month Plan,,IL,N/A,N/A,432.0,0.0,0,0.0,0.0,2022-03-19 19:02:48.000,2022-03-19 17:02:48.000,2022-03-19 13:02:48.000,,,,
GYB220319-3044-54117, Support One Time PC Support ,,US,N/A,N/A,104.3,0.0,0,44.7,0.0,2022-03-19 16:03:30.000,2022-03-19 14:03:30.000,2022-03-19 10:03:30.000,,,,
GYB220319-3588-53150, Support 24-month plan,,UA,N/A,N/A,399.0,0.0,0,19.95,0.0,2022-03-19 22:40:33.000,2022-03-19 20:40:33.000,2022-03-19 16:40:33.000,,,,
GYB220319-3588-69199, Support 24-month plan,,UA,N/A,N/A,399.0,0.0,0,19.95,0.0,2022-03-19 22:57:22.000,2022-03-19 20:57:22.000,2022-03-19 16:57:22.000,,,,
GYB220319-3588-77240, Support 24-month plan,,UA,N/A,N/A,0.0,0.0,0,19.95,399.0,2022-03-19 23:21:56.000,2022-03-19 21:21:56.000,2022-03-19 17:21:56.000,2022-03-20 06:47:14.000,2022-03-20 04:47:14.000,2022-03-20 00:47:14.000,1
GYB220319-3588-82300, Support 12-month plan,,UA,N/A,N/A,0.0,0.0,0,19.95,299.0,2022-03-19 23:57:01.000,2022-03-19 21:57:01.000,2022-03-19 17:57:01.000,2022-03-20 06:21:18.000,2022-03-20 04:21:18.000,2022-03-20 00:21:18.000,1
GYB220319-3588-83135, Support 12-month plan,,UA,N/A,N/A,299.0,0.0,0,19.95,0.0,2022-03-19 22:36:39.000,2022-03-19 20:36:39.000,2022-03-19 16:36:39.000,,,,
GYB220319-3588-93223, Support 24-month plan,,UA,N/A,N/A,399.0,0.0,0,19.95,0.0,2022-03-19 23:19:02.000,2022-03-19 21:19:02.000,2022-03-19 17:19:02.000,,,,
GYB220319-3588-94264, Support 24-month plan,,UA,N/A,N/A,0.0,0.0,0,19.95,399.0,2022-03-19 23:32:33.000,2022-03-19 21:32:33.000,2022-03-19 17:32:33.000,2022-03-20 06:37:55.000,2022-03-20 04:37:55.000,2022-03-20 00:37:55.000,1
GYB220319-3588-96171, Support 24-month plan,,UA,N/A,N/A,399.0,0.0,0,19.95,0.0,2022-03-19 22:46:22.000,2022-03-19 20:46:22.000,2022-03-19 16:46:22.000,,,,
GYB220319-3588-98121, Support 12-month plan,,UA,N/A,N/A,299.0,0.0,0,19.95,0.0,2022-03-19 22:28:50.000,2022-03-19 20:28:50.000,2022-03-19 16:28:50.000,,,,
GYB220319-3588-98185, Support 24-month plan,,UA,N/A,N/A,399.0,0.0,0,19.95,0.0,2022-03-19 22:50:06.000,2022-03-19 20:50:06.000,2022-03-19 16:50:06.000,,,,
GYB220319-7477-26118, Support 36-month Plan,,US,N/A,N/A,684.0,0.0,0,0.0,0.0,2022-03-19 23:17:36.000,2022-03-19 21:17:36.000,2022-03-19 17:17:36.000,,,,
GYB220319-8911-82128, Support 6-month Plan,Ruby,US,Ticket,AQ_21,186.75,0.0,0,62.25,0.0,2022-03-19 23:41:42.000,2022-03-19 21:41:42.000,2022-03-19 17:41:42.000,,,,
GYB220320-2559-75114, Support 24-month Plan,Ruby,GB,Chat,AQ_9,575.51,0.0,0,0.0,0.0,2022-03-20 20:10:49.000,2022-03-20 18:10:49.000,2022-03-20 14:10:49.000,,,,
GYB220320-3044-85111, Support 36-month Plan,,AU,N/A,N/A,683.76,0.0,0,0.0,0.0,2022-03-20 05:44:28.000,2022-03-20 03:44:28.000,2022-03-19 23:44:28.000,,,,
GYB220320-3588-47137, Support 12-month plan,,UA,N/A,N/A,0.0,0.0,0,19.95,299.0,2022-03-20 13:48:52.000,2022-03-20 11:48:52.000,2022-03-20 07:48:52.000,2022-03-20 06:50:12.000,2022-03-20 04:50:12.000,2022-03-20 00:50:12.000,0
GYB220320-3588-60157, Support 24-month plan,,UA,N/A,N/A,0.0,0.0,0,19.95,399.0,2022-03-20 14:01:45.000,2022-03-20 12:01:45.000,2022-03-20 08:01:45.000,2022-03-20 07:02:06.000,2022-03-20 05:02:06.000,2022-03-20 01:02:06.000,0
GYB220320-3588-72169, Support 12-month plan,,UA,N/A,N/A,0.0,0.0,0,19.95,299.0,2022-03-20 14:26:09.000,2022-03-20 12:26:09.000,2022-03-20 08:26:09.000,2022-03-20 07:50:58.000,2022-03-20 05:50:58.000,2022-03-20 01:50:58.000,0
GYB220320-8911-47122, Support One Time PC Support ,,US,N/A,N/A,149.0,0.0,0,0.0,0.0,2022-03-20 03:28:36.000,2022-03-20 01:28:36.000,2022-03-19 21:28:36.000,,,,
GYB220321-2559-12110, Support 24-month Plan,"Kinder, Megan",US,Chat,PDFSuite.CTA,1152.0,0.0,0,0.0,0.0,2022-03-21 03:18:13.000,2022-03-21 01:18:13.000,2022-03-20 21:18:13.000,,,,
GYB220321-3044-31104, Support 12-month Plan,,US,N/A,N/A,0.0,0.0,0,86.4,345.6,2022-03-22 00:04:58.000,2022-03-21 22:04:58.000,2022-03-21 18:04:58.000,2022-04-04 14:36:50.000,2022-04-04 11:36:50.000,2022-04-04 07:36:50.000,13
GYB220321-6422-62105, Support Single Device Monthly Subscription,,US,N/A,N/A,179.11,129.61,13,49.5,0.0,2022-03-21 05:32:52.000,2022-03-21 03:32:52.000,2022-03-20 23:32:52.000,,,,
GYB220321-6422-79117, Support 3-month Plan,Jules,GB,Chat,AQ_9,159.39,0.0,0,39.85,0.0,2022-03-21 21:58:23.000,2022-03-21 19:58:23.000,2022-03-21 15:58:23.000,,,,
GYB220321-6876-69144, Support 36-month plan,Rodger,CA,Call,AQ.Upgrade,460.69,0.0,0,115.17,0.0,2022-03-21 20:26:46.000,2022-03-21 18:26:46.000,2022-03-21 14:26:46.000,,,,
GYB220321-7477-75133, Support 3-month Plan,Jules,US,Chat,AQ_9,219.04999999999998,59.849999999999994,3,39.8,0.0,2022-03-21 18:35:29.000,2022-03-21 16:35:29.000,2022-03-21 12:35:29.000,,,,
GYB220321-7871-31130, Support Multiple Device Monthly Subscription,Rodger,US,Call,AQ_9,49.5,0.0,0,49.5,0.0,2022-03-21 23:59:39.000,2022-03-21 21:59:39.000,2022-03-21 17:59:39.000,,,,
GYB220321-8911-82143, Support 24-month plan,Rodger,US,Call,AQ.Upgrade,302.4,0.0,0,129.6,0.0,2022-03-21 21:30:42.000,2022-03-21 19:30:42.000,2022-03-21 15:30:42.000,,,,
GYB220321-8911-85117, Support 12-month Plan,,CA,N/A,N/A,345.52,0.0,0,86.38,0.0,2022-03-21 07:15:30.000,2022-03-21 05:15:30.000,2022-03-21 01:15:30.000,,,,
GYB220322-3044-14111, Support 3-month Plan,Keira,US,Chat,AQ_21,199.0,0.0,0,0.0,0.0,2022-03-22 18:38:15.000,2022-03-22 16:38:15.000,2022-03-22 12:38:15.000,,,,
GYB220322-6876-72112, Support 12-month Plan,,US,N/A,N/A,302.23,0.0,0,129.53,0.0,2022-03-22 10:03:47.000,2022-03-22 08:03:47.000,2022-03-22 04:03:47.000,,,,
GYB220322-7871-42114, Support Single Device Monthly Subscription,Rodger,US,Call,AQ_9,0.0,0.0,0,0.0,99.0,2022-03-23 01:36:39.000,2022-03-22 23:36:39.000,2022-03-22 19:36:39.000,2022-03-25 11:19:03.000,2022-03-25 09:19:03.000,2022-03-25 05:19:03.000,2
GYB220322-8911-44118, Support One Time PC Support ,Vicky,US,Call,AQ_9,74.5,0.0,0,74.5,0.0,2022-03-22 19:50:01.000,2022-03-22 17:50:01.000,2022-03-22 13:50:01.000,,,,
GYB220323-2559-96129, Support One Time PC Support ,,US,N/A,N/A,119.2,0.0,0,29.8,0.0,2022-03-23 17:56:27.000,2022-03-23 15:56:27.000,2022-03-23 11:56:27.000,,,,
GYB220323-3044-52133, Support One Time PC Support ,,CA,N/A,N/A,74.75,0.0,0,74.75,0.0,2022-03-23 19:26:56.000,2022-03-23 17:26:56.000,2022-03-23 13:26:56.000,,,,
GYB220323-6422-37181, Support One Time PC Support ,,US,N/A,N/A,119.2,0.0,0,29.8,0.0,2022-03-23 17:47:03.000,2022-03-23 15:47:03.000,2022-03-23 11:47:03.000,,,,
GYB220323-6422-45118, Support Multiple Device Monthly Subscription,Rodger,US,Call,AQ_25,173.85,74.85,3,0.0,0.0,2022-03-23 04:37:44.000,2022-03-23 02:37:44.000,2022-03-22 22:37:44.000,,,,
GYB220323-6876-38166, Support 36-month Plan,,IL,N/A,N/A,0.0,0.0,0,0.0,684.0,2022-03-23 23:18:47.000,2022-03-23 21:18:47.000,2022-03-23 17:18:47.000,2022-03-24 12:36:07.000,2022-03-24 10:36:07.000,2022-03-24 06:36:07.000,1
GYB220323-6876-95130, Support One Time PC Support ,,US,N/A,N/A,119.2,0.0,0,29.8,0.0,2022-03-23 18:24:36.000,2022-03-23 16:24:36.000,2022-03-23 12:24:36.000,,,,
GYB220323-7910-92132, Support 6-month Plan,Ruby,US,Ticket,AQ_21,249.0,0.0,0,0.0,0.0,2022-03-23 21:14:29.000,2022-03-23 19:14:29.000,2022-03-23 15:14:29.000,,,,
GYB220323-7910-93109, Support 12-month plan,Rodger,US,Call,AQ_25,252.0,0.0,0,84.0,0.0,2022-03-23 17:08:04.000,2022-03-23 15:08:04.000,2022-03-23 11:08:04.000,,,,
GYB220324-2050-61128, Support Single Device Monthly Subscription,,US,N/A,N/A,178.8,79.8,4,0.0,0.0,2022-03-24 22:39:45.000,2022-03-24 20:39:45.000,2022-03-24 16:39:45.000,,,,
GYB220324-4913-69125, Support 24-month Plan,Megan,US,Chat,PDFSuite.CTA,576.0,0.0,0,0.0,0.0,2022-03-24 22:11:07.000,2022-03-24 20:11:07.000,2022-03-24 16:11:07.000,,,,
GYB220324-5332-11174, Support 24-month Plan,Megan,AU,Chat,PDFSuite.CTA,575.9,0.0,0,0.0,0.0,2022-03-25 02:50:05.000,2022-03-25 00:50:05.000,2022-03-24 20:50:05.000,,,,
GYB220324-5332-88130, Support 12-month Plan,Keira,US,N/A,N/A,864.0,0.0,0,0.0,0.0,2022-03-24 23:45:29.000,2022-03-24 21:45:29.000,2022-03-24 17:45:29.000,,,,
GYB220324-7871-19116, Support Single Device Monthly Subscription,,US,N/A,N/A,49.5,0.0,0,49.5,0.0,2022-03-24 18:23:08.000,2022-03-24 16:23:08.000,2022-03-24 12:23:08.000,,,,
GYB220325-4913-56125, Support 24-month Plan,Megan,US,Chat,PDFSuite.CTA,576.0,0.0,0,0.0,0.0,2022-03-25 03:13:55.000,2022-03-25 01:13:55.000,2022-03-24 21:13:55.000,,,,
GYB220325-4913-70155, Support One Time PC Support ,,CA,N/A,N/A,119.11,0.0,0,29.78,0.0,2022-03-25 05:20:29.000,2022-03-25 03:20:29.000,2022-03-24 23:20:29.000,,,,
GYB220325-5541-34116, Support 12-month Plan,,GB,N/A,N/A,366.92,0.0,0,64.76,0.0,2022-03-25 21:28:46.000,2022-03-25 19:28:46.000,2022-03-25 15:28:46.000,,,,
GYB220325-5566-42122, Support 3-month Plan,Keira,AU,Chat,AQ_21,365.53,166.27,9,0.0,0.0,2022-03-26 01:39:03.000,2022-03-25 23:39:03.000,2022-03-25 19:39:03.000,,,,
GYB220326-5541-91129, Support 12-month Plan,Rodger,US,Call,AQ_9,302.4,0.0,0,129.6,0.0,2022-03-26 17:01:11.000,2022-03-26 15:01:11.000,2022-03-26 11:01:11.000,,,,
GYB220326-5541-94114, Support Single Device Monthly Subscription,,AU,N/A,N/A,74.47,0.0,0,24.83,0.0,2022-03-26 07:42:28.000,2022-03-26 05:42:28.000,2022-03-26 01:42:28.000,,,,
GYB220326-5566-84101, Support One Time PC Support ,,AU,N/A,N/A,74.64,0.0,0,74.64,0.0,2022-03-26 04:31:10.000,2022-03-26 02:31:10.000,2022-03-25 22:31:10.000,,,,
GYB220326-7711-42168, Support 24-month Plan,Rodger,US,Call,AQ_25,576.0,0.0,0,0.0,0.0,2022-03-26 19:54:33.000,2022-03-26 17:54:33.000,2022-03-26 13:54:33.000,,,,
GYB220326-7711-59144, Support 12-month Plan,,AU,N/A,N/A,432.06,0.0,0,0.0,0.0,2022-03-26 04:55:03.000,2022-03-26 02:55:03.000,2022-03-25 22:55:03.000,,,,
GYB220327-2543-77152, Support 12-month Plan,Jackie,US,Call,BF.Upgrade,324.0,0.0,0,108.0,0.0,2022-03-27 21:42:17.000,2022-03-27 18:42:17.000,2022-03-27 14:42:17.000,,,,
GYB220327-2543-96116, Support 6-month Plan,Ruby,US,Ticket,AQ_21,252.0,0.0,0,84.0,0.0,2022-03-27 18:33:18.000,2022-03-27 15:33:18.000,2022-03-27 11:33:18.000,,,,
GYB220327-4732-29120, Support 36-month plan,Alex,UA,Chat,N/A,576.0,0.0,0,0.0,0.0,2022-03-27 14:28:23.000,2022-03-27 11:28:23.000,2022-03-27 07:28:23.000,,,,
GYB220327-4732-57165, Support 36-month plan,,UA,N/A,N/A,576.0,0.0,0,0.0,0.0,2022-03-27 14:38:15.000,2022-03-27 11:38:15.000,2022-03-27 07:38:15.000,,,,
GYB220327-4732-94144, Support 36-month plan,,UA,N/A,N/A,576.0,0.0,0,0.0,0.0,2022-03-27 14:30:39.000,2022-03-27 11:30:39.000,2022-03-27 07:30:39.000,,,,
GYB220327-4913-74111, Support 6-month Plan,Jules,GB,Chat,AQ_9,199.32,0.0,0,49.83,0.0,2022-03-27 15:25:55.000,2022-03-27 12:25:55.000,2022-03-27 08:25:55.000,,,,
GYB220327-5541-44119, Support 12-month Plan,,EG,N/A,N/A,425.40000000000003,79.8,4,86.4,0.0,2022-03-27 21:15:29.000,2022-03-27 18:15:29.000,2022-03-27 14:15:29.000,,,,
GYB220327-6791-67101, Support 24-month Plan,Rodger,BB,Call,AQ_9,432.0,0.0,0,144.0,0.0,2022-03-27 21:25:56.000,2022-03-27 18:25:56.000,2022-03-27 14:25:56.000,,,,
GYB220328-2050-88108, Support 36-month Plan,Rinna,US,Chat,AQ_9,684.0,0.0,0,0.0,0.0,2022-03-28 18:47:58.000,2022-03-28 15:47:58.000,2022-03-28 11:47:58.000,,,,
GYB220328-2543-42151, Support 36-month Plan,Rodger,US,From Support,AQ.Upgrade,478.8,0.0,0,205.2,0.0,2022-03-29 00:50:29.000,2022-03-28 21:50:29.000,2022-03-28 17:50:29.000,,,,
GYB220328-2543-92182, Support 12-month plan,Rodger,US,Call,AQ.Upgrade,235.2,0.0,0,100.8,0.0,2022-03-29 01:20:56.000,2022-03-28 22:20:56.000,2022-03-28 18:20:56.000,,,,
GYB220328-4913-76127, Support Single Device Monthly Subscription,,AU,N/A,N/A,49.79,0.0,0,49.79,0.0,2022-03-28 04:21:46.000,2022-03-28 01:21:46.000,2022-03-27 21:21:46.000,,,,
GYB220328-5541-29163, Support One Time PC Support ,,GB,N/A,N/A,119.59,0.0,0,29.9,0.0,2022-03-28 22:35:00.000,2022-03-28 19:35:00.000,2022-03-28 15:35:00.000,,,,
GYB220328-5541-76131, Support One Time PC Support ,,US,N/A,N/A,74.5,0.0,0,74.5,0.0,2022-03-28 19:57:03.000,2022-03-28 16:57:03.000,2022-03-28 12:57:03.000,,,,
GYB220328-5566-93116, Support 12-month Plan,,CA,N/A,N/A,345.92,0.0,0,86.48,0.0,2022-03-28 18:12:29.000,2022-03-28 15:12:29.000,2022-03-28 11:12:29.000,,,,
GYB220328-7711-47169, Support Single Device Monthly Subscription,Jackie,US,Call,BF.Upgrade,158.85,59.849999999999994,3,0.0,0.0,2022-03-28 22:47:42.000,2022-03-28 19:47:42.000,2022-03-28 15:47:42.000,,,,
GYB220328-7711-85129, Support Single Device Monthly Subscription,Vicky,US,Call,AQ_25,49.5,0.0,0,49.5,0.0,2022-03-28 20:26:51.000,2022-03-28 17:26:51.000,2022-03-28 13:26:51.000,,,,
GYB220329-2050-12112, Support 24-month Plan,Jackie,CA,Call,AQ_1,489.08,0.0,0,86.31,0.0,2022-03-29 23:41:28.000,2022-03-29 20:41:28.000,2022-03-29 16:41:28.000,,,,
GYB220329-2543-35114, Support 6-month Plan,Jules,GB,Chat,AQ_9,199.23,0.0,0,49.8,0.0,2022-03-29 19:21:56.000,2022-03-29 16:21:56.000,2022-03-29 12:21:56.000,,,,
GYB220329-6791-66123, Support One Time PC Support ,Jackie,US,Call,AQ_21,104.3,0.0,0,44.7,0.0,2022-03-30 01:46:10.000,2022-03-29 22:46:10.000,2022-03-29 18:46:10.000,,,,
GYB220330-2050-28110, Support One Time PC Support ,,US,N/A,N/A,74.5,0.0,0,74.5,0.0,2022-03-30 22:53:43.000,2022-03-30 19:53:43.000,2022-03-30 15:53:43.000,,,,
GYB220330-4913-68138, Support 3-month Plan,Keira,US,Chat,AQ_21,199.0,0.0,0,0.0,0.0,2022-03-30 21:14:38.000,2022-03-30 18:14:38.000,2022-03-30 14:14:38.000,,,,
GYB220330-4913-72103, Support 3-month Plan,Keira,GB,Chat,AQ_21,217.68,18.53,1,0.0,0.0,2022-03-30 18:20:28.000,2022-03-30 15:20:28.000,2022-03-30 11:20:28.000,,,,
GYB220330-5332-86110, Support 3-month Plan,Keira,US,Chat,AQ_21,398.5,199.49999999999997,10,0.0,0.0,2022-03-30 23:17:03.000,2022-03-30 20:17:03.000,2022-03-30 16:17:03.000,,,,
GYB220330-5566-60139, Support 36-month Plan,,US,N/A,N/A,684.0,0.0,0,0.0,0.0,2022-03-30 19:31:36.000,2022-03-30 16:31:36.000,2022-03-30 12:31:36.000,,,,
GYB220330-6791-70119, Support One Time PC Support ,,CA,N/A,N/A,148.94,0.0,0,0.0,0.0,2022-03-30 21:11:01.000,2022-03-30 18:11:01.000,2022-03-30 14:11:01.000,,,,
GYB220330-7323-80104, Support One Time PC Support ,Vicky,US,Call,AQ_9,104.3,0.0,0,44.7,0.0,2022-03-31 02:51:30.000,2022-03-30 23:51:30.000,2022-03-30 19:51:30.000,,,,
GYB220331-2793-63106, Support 36-month Plan,,CA,N/A,N/A,546.86,0.0,0,136.71,0.0,2022-03-31 19:58:42.000,2022-03-31 16:58:42.000,2022-03-31 12:58:42.000,,,,
GYB220331-3150-41125, Support One Time PC Support ,,AU,N/A,N/A,96.86,0.0,0,52.16,0.0,2022-04-01 02:02:46.000,2022-03-31 23:02:46.000,2022-03-31 19:02:46.000,,,,
GYB220331-3150-50104, Support One Time PC Support ,,AU,N/A,N/A,149.01,0.0,0,0.0,0.0,2022-03-31 12:24:09.000,2022-03-31 09:24:09.000,2022-03-31 05:24:09.000,,,,
GYB220331-8709-50130, Support 36-month Plan,,US,N/A,N/A,684.0,0.0,0,0.0,0.0,2022-04-01 01:09:08.000,2022-03-31 22:09:08.000,2022-03-31 18:09:08.000,,,,
GYB220331-9703-13148, Support 36-month Plan,,US,N/A,N/A,0.0,0.0,0,136.8,547.2,2022-03-31 23:16:10.000,2022-03-31 20:16:10.000,2022-03-31 16:16:10.000,2022-05-11 10:53:28.000,2022-05-11 07:53:28.000,2022-05-11 03:53:28.000,41
GYB220331-9703-29106, Support 6-month plan,Rodger,US,Call,AQ_9,163.95,19.95,1,48.0,0.0,2022-03-31 20:19:23.000,2022-03-31 17:19:23.000,2022-03-31 13:19:23.000,,,,
GYB220331-9703-51187, Support 12-month Plan,,US,N/A,N/A,0.0,0.0,0,0.0,432.0,2022-04-01 02:01:27.000,2022-03-31 23:01:27.000,2022-03-31 19:01:27.000,2022-05-09 13:30:37.000,2022-05-09 10:30:37.000,2022-05-09 06:30:37.000,38
GYB220401-2793-55124, Support One Time PC Support ,,US,N/A,N/A,149.0,0.0,0,0.0,0.0,2022-04-01 23:25:26.000,2022-04-01 20:25:26.000,2022-04-01 16:25:26.000,,,,
GYB220401-3245-91126, Support 12-month plan,,AU,N/A,N/A,235.4,0.0,0,100.88,0.0,2022-04-01 07:06:53.000,2022-04-01 04:06:53.000,2022-04-01 00:06:53.000,,,,
GYB220401-8709-29128, Support 12-month plan,Rodger,AU,Call,AQ_7,289.18,53.78,3,100.88,0.0,2022-04-01 03:33:34.000,2022-04-01 00:33:34.000,2022-03-31 20:33:34.000,,,,
GYB220402-3245-21126, Support One Time PC Support ,Jackie,US,Call,AQ_9,74.5,0.0,0,74.5,0.0,2022-04-02 15:36:09.000,2022-04-02 12:36:09.000,2022-04-02 08:36:09.000,,,,
GYB220402-8709-30113, Support 12-month Plan,,US,N/A,N/A,345.6,0.0,0,86.4,0.0,2022-04-02 23:50:05.000,2022-04-02 20:50:05.000,2022-04-02 16:50:05.000,,,,
GYB220402-8709-67143, Support One Time PC Support ,David,CA,Call,AQ_1,74.47,0.0,0,74.47,0.0,2022-04-03 01:19:05.000,2022-04-02 22:19:05.000,2022-04-02 18:19:05.000,,,,
GYB220403-2793-67119, Support 36-month Plan,Jules,NZ,Chat,AQ_9,683.97,0.0,0,0.0,0.0,2022-04-04 01:30:27.000,2022-04-03 22:30:27.000,2022-04-03 18:30:27.000,,,,
GYB220403-3150-68119, Support 3-month Plan,Keira,US,Chat,AQ_21,159.2,0.0,0,39.8,0.0,2022-04-03 08:37:18.000,2022-04-03 05:37:18.000,2022-04-03 01:37:18.000,,,,
GYB220403-7323-11118, Support 24-month Plan,Megan,US,Chat,PDFSuite.CTA,403.2,0.0,0,172.8,0.0,2022-04-03 21:31:29.000,2022-04-03 18:31:29.000,2022-04-03 14:31:29.000,,,,
GYB220403-7323-58148, Support 6-month Plan,Jules,PA,Chat,AQ_9,458.54999999999995,259.34999999999997,13,49.8,0.0,2022-04-04 00:02:12.000,2022-04-03 21:02:12.000,2022-04-03 17:02:12.000,,,,
GYB220404-2793-83123, Support One Time PC Support ,Rinna,US,Chat,AQ_9,149.0,0.0,0,0.0,0.0,2022-04-05 01:21:19.000,2022-04-04 22:21:19.000,2022-04-04 18:21:19.000,,,,
GYB220404-2833-39114, Support 3-month Plan,Keira,CA,Chat,AQ_21,199.03,0.0,0,0.0,0.0,2022-04-04 10:42:03.000,2022-04-04 07:42:03.000,2022-04-04 03:42:03.000,,,,
GYB220404-3153-26121, Support 6-month Plan,Jules,US,Chat,AQ_9,219.14999999999998,19.95,1,49.8,0.0,2022-04-04 07:09:45.000,2022-04-04 04:09:45.000,2022-04-04 00:09:45.000,,,,
GYB220404-9703-12140, Support 12-month Plan,,US,N/A,N/A,345.6,0.0,0,86.4,0.0,2022-04-04 21:03:19.000,2022-04-04 18:03:19.000,2022-04-04 14:03:19.000,,,,
GYB220405-2833-49117, Support 12-month Plan,Rinna,US,Chat,AQ_9,571.65,139.65,7,0.0,0.0,2022-04-05 17:12:01.000,2022-04-05 14:12:01.000,2022-04-05 10:12:01.000,,,,
GYB220405-3245-15115, Support 24-month Plan,Megan,US,Chat,PDFSuite.CTA,576.0,0.0,0,0.0,0.0,2022-04-06 02:26:33.000,2022-04-05 23:26:33.000,2022-04-05 19:26:33.000,,,,
GYB220405-7323-63105, Support 12-month Plan,,US,N/A,N/A,491.85,59.849999999999994,3,0.0,0.0,2022-04-05 20:23:17.000,2022-04-05 17:23:17.000,2022-04-05 13:23:17.000,,,,
GYB220406-2793-14113, Support 3-month Plan,Keira,US,Chat,AQ_21,199.0,0.0,0,0.0,0.0,2022-04-06 20:08:35.000,2022-04-06 17:08:35.000,2022-04-06 13:08:35.000,,,,
GYB220406-2793-69125, Support Single Device Monthly Subscription,,US,N/A,N/A,49.5,0.0,0,49.5,0.0,2022-04-06 20:43:04.000,2022-04-06 17:43:04.000,2022-04-06 13:43:04.000,,,,
GYB220406-3245-92115, Support 24-month Plan,Megan,US,Chat,PDFSuite.CTA,576.0,0.0,0,0.0,0.0,2022-04-06 18:40:41.000,2022-04-06 15:40:41.000,2022-04-06 11:40:41.000,,,,
GYB220406-3245-93139, Support 6-month Plan,David,US,Call,AQ_9,259.04999999999995,59.849999999999994,3,49.8,0.0,2022-04-07 01:54:16.000,2022-04-06 22:54:16.000,2022-04-06 18:54:16.000,,,,
GYB220407-2833-33148, Support 12-month Plan,,US,N/A,N/A,118.94999999999999,19.95,1,0.0,333.0,2022-04-07 20:38:13.000,2022-04-07 17:38:13.000,2022-04-07 13:38:13.000,2022-04-27 11:05:39.000,2022-04-27 08:05:39.000,2022-04-27 04:05:39.000,20
GYB220407-2833-71118, Support 24-month Plan,Rodger,US,Call,AQ_9,576.0,0.0,0,0.0,0.0,2022-04-07 20:05:50.000,2022-04-07 17:05:50.000,2022-04-07 13:05:50.000,,,,
GYB220407-3150-18113, Support 36-month plan,Rodger,US,Call,AQ_9,576.0,0.0,0,0.0,0.0,2022-04-07 18:02:54.000,2022-04-07 15:02:54.000,2022-04-07 11:02:54.000,,,,
GYB220407-3245-93123, Support 6-month plan,Rodger,CA,Call,AQ_1,247.2,55.239999999999995,3,0.0,0.0,2022-04-07 05:47:09.000,2022-04-07 02:47:09.000,2022-04-06 22:47:09.000,,,,
GYB220407-9368-20128, Support Single Device Monthly Subscription,,US,N/A,N/A,118.95,19.95,1,0.0,0.0,2022-04-08 02:11:51.000,2022-04-07 23:11:51.000,2022-04-07 19:11:51.000,,,,
